Id_Instal,Codi_Carrer,Tipus_Via,Nom_Carrer,Num_Carrer,Codi_Barri,Nom_Barri,Codi_Districte,Nom_Districte,Latitud,Longitud,ETRS89_X,ETRS89_Y,Data_Instalacio,Data_DesInstalacio,Font
186,348408,C,Tuset,8,26,Galvany,05,Sarrià-Sant Gervasi,41.395450,2.152753,429172.441,4583003.592,29/01/2014,16/01/2015,OCI
187,348408,C,Tuset,17,26,Galvany,05,Sarrià-Sant Gervasi,41.396156,2.151564,429073.823,4583082.946,29/01/2014,16/01/2015,OCI
206,112208,C,Escudellers,53,02,el Barri Gòtic,01,Ciutat Vella,41.380127,2.176924,431177.000,4581283.000,05/02/2014,30/01/2015,OCI
207,86902,C,Nou de la Rambla,21,01,el Raval,01,Ciutat Vella,41.378273,2.173348,430876.000,4581080.000,05/02/2014,30/01/2015,OCI
208,46409,Pg,Born,19,04,"Sant Pere, Santa Caterina i la Ribera",01,Ciutat Vella,41.384925,2.182772,431671.000,4581811.000,05/02/2014,30/01/2015,OCI
246,158901,Pl,Osca,2,18,Sants,03,Sants-Montjuïc,41.376198,2.138527,427962.000,4580878.000,23/06/2014,27/01/2015,OCI
267,179708,C,Lincoln,10,26,Galvany,05,Sarrià-Sant Gervasi,41.400261,2.150371,428978.600,4583539.700,23/01/2014,20/01/2015,OCI
268,21306,C,Arc del Teatre,5,01,el Raval,01,Ciutat Vella,41.378242,2.175112,431023.452,4581075.134,23/04/2014,29/01/2015,OCI
326,17706,C,Antoni de Capmany,41,18,Sants,03,Sants-Montjuïc,41.372210,2.132291,427436.084,4580440.516,27/01/2015,19/05/2015,TRÀNSIT
346,348408,C,Tuset,8,26,Galvany,05,Sarrià-Sant Gervasi,41.395450,2.152753,429172.441,4583003.592,29/01/2015,10/02/2016,OCI
347,348408,C,Tuset,17,26,Galvany,05,Sarrià-Sant Gervasi,41.396156,2.151564,429073.823,4583082.946,29/01/2015,10/02/2016,OCI
366,284804,C,Robador,31,01,el Raval,01,Ciutat Vella,41.379396,2.170909,430673.242,4581206.666,04/02/2015,06/10/2015,OCI
389,220200,C,Montserrat,4,01,el Raval,01,Ciutat Vella,41.377376,2.174657,430984.521,4580979.410,13/03/2015,26/10/2015,OCI
390,21306,C,Arc del Teatre,5,01,el Raval,01,Ciutat Vella,41.378242,2.175112,431023.452,4581075.134,12/03/2015,10/11/2015,OCI
391,223606,C,Muntaner,488,25,la Bonanova,05,Sarrià-Sant Gervasi,41.402959,2.137835,427933.645,4583849.558,13/03/2015,18/06/2015,TRÀNSIT
406,148307,Pg,Gràcia,124,31,la Vila de Gràcia,06,Gràcia,41.397772,2.158115,429623.234,4583256.978,19/12/2014,17/06/2016,TRÀNSIT
426,158901,Pl,Osca,10,18,Sants,03,Sants-Montjuïc,41.376104,2.138507,427960.147,4580867.570,04/06/2015,29/07/2015,OCI
428,281409,Ctra,Ribes,85,57,la Trinitat Vella,09,Sant Andreu,41.450047,2.189489,432300.276,4589035.544,13/05/2015,09/09/2015,TRÀNSIT
446,11200,C,Almogàvers,120,66,el Parc i la Llacuna del Poblenou,10,Sant Martí,41.397383,2.190215,432306.225,4583188.274,17/06/2015,06/10/2015,OCI
447,249304,C,Pere IV,72,66,el Parc i la Llacuna del Poblenou,10,Sant Martí,41.396785,2.192893,432529.511,4583119.782,17/06/2015,14/06/2016,OCI
466,66508,G.V.,Carles III,38,19,les Corts,04,Les Corts,41.382044,2.128501,427130.103,4581535.406,18/06/2015,10/02/2016,TRÀNSIT
486,326904,Pl,Sol,2,31,la Vila de Gràcia,06,Gràcia,41.401519,2.156852,429521.701,4583674.030,12/02/2015,16/12/2016,OCI
487,148307,Pg,Gràcia,111,31,la Vila de Gràcia,06,Gràcia,41.396968,2.158797,429679.400,4583167.165,01/01/2015,17/06/2016,TRÀNSIT
488,148307,Pg,Gràcia,81,07,la Dreta de l'Eixample,02,L'Eixample,41.394328,2.162069,429950.045,4582871.451,01/01/2015,29/06/2016,TRÀNSIT
489,148307,Pg,Gràcia,51,07,la Dreta de l'Eixample,02,L'Eixample,41.392571,2.164247,430130.284,4582674.660,01/01/2015,17/06/2016,TRÀNSIT
490,148307,Pg,Gràcia,27,07,la Dreta de l'Eixample,02,L'Eixample,41.390799,2.166440,430311.695,4582476.112,01/01/2015,17/06/2016,TRÀNSIT
491,148307,Pg,Gràcia,13,07,la Dreta de l'Eixample,02,L'Eixample,41.389653,2.167858,430429.031,4582347.780,01/01/2015,17/06/2016,TRÀNSIT
492,329902,C,Tamarit,89,10,Sant Antoni,02,L'Eixample,41.375415,2.156424,429457.687,4580776.359,11/03/2015,18/10/2016,TRÀNSIT
493,198804,Av,Paral·lel,167,11,el Poble Sec,03,Sants-Montjuïc,41.374891,2.156378,429453.316,4580718.234,11/03/2015,24/01/2017,TRÀNSIT
494,192502,C,Manso,1,10,Sant Antoni,02,L'Eixample,41.375392,2.158681,429646.454,4580771.979,11/03/2015,18/10/2016,TRÀNSIT
495,198804,Av,Paral·lel,139,11,el Poble Sec,03,Sants-Montjuïc,41.374886,2.158565,429636.151,4580715.896,11/03/2015,13/05/2022,TRÀNSIT
496,198804,Av,Paral·lel,115,11,el Poble Sec,03,Sants-Montjuïc,41.374878,2.161585,429888.694,4580712.564,11/03/2015,,TRÀNSIT
497,198804,Av,Paral·lel,81,11,el Poble Sec,03,Sants-Montjuïc,41.374850,2.166773,430322.548,4580705.233,11/03/2015,,TRÀNSIT
509,66508,G.V.,Carles III,41,20,la Maternitat i Sant Ramon,04,Les Corts,41.381147,2.128383,427119.246,4581435.937,13/04/2015,22/10/2016,SUPERILLA
510,343903,Trav,Corts,44,20,la Maternitat i Sant Ramon,04,Les Corts,41.379162,2.123099,426675.186,4581219.950,13/04/2015,22/10/2016,SUPERILLA
511,282252,Rier,Blanca,7,20,la Maternitat i Sant Ramon,04,Les Corts,41.377164,2.121833,426567.013,4580999.205,13/04/2015,22/10/2016,SUPERILLA
512,187207,Av,Madrid,7,20,la Maternitat i Sant Ramon,04,Les Corts,41.376114,2.123291,426687.828,4580881.452,01/04/2015,22/10/2016,SUPERILLA
513,187207,Av,Madrid,61,20,la Maternitat i Sant Ramon,04,Les Corts,41.377848,2.126167,426930.200,4581071.508,13/04/2015,22/10/2016,SUPERILLA
514,166513,Jard,Bacardí,s/n,20,la Maternitat i Sant Ramon,04,Les Corts,41.379878,2.125553,426881.176,4581297.386,13/04/2015,22/10/2016,SUPERILLA
515,23800,C,Arizala,52,20,la Maternitat i Sant Ramon,04,Les Corts,41.377923,2.124120,426759.121,4581081.616,13/04/2015,22/10/2016,SUPERILLA
516,87100,C,Comte de Güell,36,20,la Maternitat i Sant Ramon,04,Les Corts,41.377774,2.122524,426625.503,4581066.356,13/04/2015,22/10/2016,SUPERILLA
517,84703,C,Comandant Benítez,8,20,la Maternitat i Sant Ramon,04,Les Corts,41.379721,2.127188,427017.714,4581278.660,13/04/2015,22/10/2016,SUPERILLA
526,46409,Pg,Born,19,04,"Sant Pere, Santa Caterina i la Ribera",01,Ciutat Vella,41.384925,2.182772,431671.000,4581811.000,03/07/2015,24/05/2016,OCI
527,701335,C,Tarongers,s/n,11,el Poble Sec,03,Sants-Montjuïc,41.366511,2.166587,430298.108,4579779.620,06/07/2015,16/12/2015,OCI
546,86902,C,Nou de la Rambla,21,01,el Raval,01,Ciutat Vella,41.378273,2.173348,430876.000,4581080.000,06/07/2015,10/02/2016,OCI
586,700892,Pg,Garcia Fària,75,69,Diagonal Mar i el Front Marítim del Poblenou,10,Sant Martí,41.404603,2.215110,434394.613,4583970.664,09/09/2015,16/02/2016,TRÀNSIT
606,356905,Pg,Verdum,8,45,Porta,08,Nou Barris,41.435972,2.172620,430876.274,4587486.286,07/10/2015,18/03/2016,TRÀNSIT
607,249304,C,Pere IV,185,68,el Poblenou,10,Sant Martí,41.403920,2.198564,433010.879,4583907.472,07/10/2015,19/12/2015,TRÀNSIT
626,177101,Via,Laietana,18,04,"Sant Pere, Santa Caterina i la Ribera",01,Ciutat Vella,41.383754,2.179132,431365.436,4581683.922,06/10/2015,10/11/2015,TRÀNSIT
647,32700,C,Balmes,173,26,Galvany,05,Sarrià-Sant Gervasi,41.396109,2.153807,429261.336,4583075.952,21/04/2015,18/10/2016,TRÀNSIT
648,32700,C,Balmes,232,26,Galvany,05,Sarrià-Sant Gervasi,41.398930,2.150900,429021.324,4583391.477,28/07/2015,18/10/2016,TRÀNSIT
650,144601,Av,Diagonal,454,31,la Vila de Gràcia,06,Gràcia,41.396206,2.157873,429601.311,4583083.391,21/04/2015,06/02/2017,TRÀNSIT
651,110304,C,Enric Granados,159,08,l'Antiga Esquerra de l'Eixample,02,L'Eixample,41.394676,2.153191,429208.267,4582917.345,21/04/2015,,TRÀNSIT
652,144601,Av,Diagonal,570,26,Galvany,05,Sarrià-Sant Gervasi,41.393994,2.149141,428868.933,4582844.932,21/04/2015,06/02/2017,TRÀNSIT
653,144601,Av,Diagonal,600,26,Galvany,05,Sarrià-Sant Gervasi,41.393036,2.145348,428550.794,4582741.628,21/04/2015,20/03/2018,TRÀNSIT
654,305100,Pg,Sant Joan,39,07,la Dreta de l'Eixample,02,L'Eixample,41.395867,2.174102,430957.671,4583032.698,21/04/2015,17/06/2016,TRÀNSIT
655,305100,Pg,Sant Joan,60,07,la Dreta de l'Eixample,02,L'Eixample,41.396355,2.173764,430929.894,4583087.076,21/04/2015,29/06/2016,TRÀNSIT
656,305100,Pg,Sant Joan,82,07,la Dreta de l'Eixample,02,L'Eixample,41.397398,2.172381,430815.407,4583204.012,21/04/2015,29/06/2016,TRÀNSIT
657,305100,Pg,Sant Joan,97,07,la Dreta de l'Eixample,02,L'Eixample,41.398882,2.170110,430627.176,4583370.537,21/04/2015,16/06/2016,TRÀNSIT
658,236700,C,Or,10,31,la Vila de Gràcia,06,Gràcia,41.403978,2.156015,429454.426,4583947.753,30/10/2015,16/12/2016,OCI
659,159507,Pl,Eivissa,21,43,Horta,07,Horta-Guinardó,41.430430,2.160996,429899.213,4586880.301,30/10/2015,,OCI
666,322608,C,Selva de Mar,170,72,Sant Martí de Provençals,10,Sant Martí,41.414817,2.201259,433247.275,4585115.217,09/11/2015,,TRÀNSIT
667,322608,C,Selva de Mar,208,72,Sant Martí de Provençals,10,Sant Martí,41.416959,2.198612,433028.275,4585355.037,09/11/2015,13/12/2021,TRÀNSIT
669,335100,Pl,Tetuan,4,07,la Dreta de l'Eixample,02,L'Eixample,41.394316,2.175891,431105.539,4582859.073,16/11/2015,17/06/2016,TRÀNSIT
670,305100,Pg,Sant Joan,15,07,la Dreta de l'Eixample,02,L'Eixample,41.392678,2.178319,431306.843,4582675.321,16/11/2015,17/06/2016,TRÀNSIT
671,305100,Pg,Sant Joan,34,05,el Fort Pienc,02,L'Eixample,41.393295,2.177816,431265.454,4582744.133,16/11/2015,17/06/2016,TRÀNSIT
686,209900,Av,Meridiana,181,64,el Camp de l'Arpa del Clot,10,Sant Martí,41.413401,2.186218,431988.827,4584969.637,28/12/2015,12/04/2022,TRÀNSIT
707,197302,C,Marina,155,05,el Fort Pienc,02,L'Eixample,41.398089,2.181526,431580.607,4583273.454,26/01/2016,08/11/2016,OCI
726,76308,Pl,Centre,11,19,les Corts,04,Les Corts,41.382040,2.135920,427750.458,4581528.776,28/01/2016,,TRÀNSIT
727,143904,Rda,General Mitre,149,25,la Bonanova,05,Sarrià-Sant Gervasi,41.403409,2.138553,427994.195,4583898.894,28/01/2016,21/03/2022,TRÀNSIT
728,143904,Rda,General Mitre,137,25,la Bonanova,05,Sarrià-Sant Gervasi,41.402451,2.137393,427896.148,4583793.539,28/01/2016,,TRÀNSIT
786,11200,C,Almogàvers,120,66,el Parc i la Llacuna del Poblenou,10,Sant Martí,41.397383,2.190215,432306.225,4583188.274,19/12/2015,14/06/2016,OCI
806,273003,C,Quito,14,58,Baró de Viver,09,Sant Andreu,41.446353,2.200934,433252.421,4588616.566,18/02/2016,06/05/2022,TRÀNSIT
826,284804,C,Robador,31,01,el Raval,01,Ciutat Vella,41.379396,2.170909,430673.242,4581206.666,11/03/2016,17/11/2016,OCI
827,21306,C,Arc del Teatre,5,01,el Raval,01,Ciutat Vella,41.378242,2.175112,431023.452,4581075.134,11/03/2016,17/11/2016,OCI
846,162002,Av,Josep Tarradellas,120,08,l'Antiga Esquerra de l'Eixample,02,L'Eixample,41.390615,2.143930,428429.605,4582474.094,21/03/2016,29/03/2016,TRÀNSIT
847,162002,Av,Josep Tarradellas,151,19,les Corts,04,Les Corts,41.391342,2.143644,428406.478,4582554.979,21/03/2016,,TRÀNSIT
926,112208,C,Escudellers,34,02,el Barri Gòtic,01,Ciutat Vella,41.380128,2.176933,431177.722,4581283.046,12/04/2016,02/03/2017,OCI
927,167709,C,Joaquín Costa,33,01,el Raval,01,Ciutat Vella,41.382336,2.165958,430262.387,4581537.016,12/04/2016,28/11/2016,OCI
928,298004,C,Sant Carles,27,03,la Barceloneta,01,Ciutat Vella,41.379559,2.191076,432359.737,4581208.798,12/04/2016,28/11/2016,OCI
966,184708,Ptge,Llavallol,17,32,el Camp d'en Grassot i Gràcia Nova,06,Gràcia,41.405397,2.167532,430418.578,4584095.897,18/05/2016,14/11/2017,OCI
1006,167505,Pl,Joanic,7,31,la Vila de Gràcia,06,Gràcia,41.405521,2.162211,429973.940,4584113.950,18/04/2016,01/03/2017,OCI
1026,348500,C,Ulldecona,27,12,la Marina del Prat Vermell,03,Sants-Montjuïc,41.350292,2.139862,428045.027,4578000.835,12/05/2016,,TRÀNSIT
1027,348500,C,Ulldecona,77,12,la Marina del Prat Vermell,03,Sants-Montjuïc,41.352796,2.143929,428388.008,4578275.487,12/05/2016,09/06/2022,TRÀNSIT
1046,138405,Pl,Gal·la Placídia,6,31,la Vila de Gràcia,06,Gràcia,41.399699,2.152410,429148.436,4583475.629,12/05/2016,30/05/2017,OCI
1086,46409,Pg,Born,19,04,"Sant Pere, Santa Caterina i la Ribera",01,Ciutat Vella,41.384925,2.182772,431671.000,4581811.000,24/05/2016,08/06/2017,OCI
1106,146902,Pl,Glòries Catalanes,19,65,el Clot,10,Sant Martí,41.404791,2.187438,432081.778,4584012.853,02/06/2016,25/08/2016,OBRES
1126,348408,C,Tuset,8,26,Galvany,05,Sarrià-Sant Gervasi,41.395450,2.152753,429172.441,4583003.592,12/05/2016,01/03/2017,OCI
1146,365702,Av,Mare de Déu de Montserrat,263,35,el Guinardó,07,Horta-Guinardó,41.424560,2.176158,431159.822,4586216.460,18/04/2016,01/03/2017,TRÀNSIT
1166,305100,Pg,Sant Joan,97,07,la Dreta de l'Eixample,02,L'Eixample,41.398882,2.170110,430627.176,4583370.537,17/06/2016,29/06/2016,TRÀNSIT
1167,305100,Pg,Sant Joan,39,07,la Dreta de l'Eixample,02,L'Eixample,41.395867,2.174102,430957.671,4583032.698,17/06/2016,29/06/2016,TRÀNSIT
1168,335100,Pl,Tetuan,4,07,la Dreta de l'Eixample,02,L'Eixample,41.394316,2.175891,431105.539,4582859.073,17/06/2016,29/06/2016,TRÀNSIT
1169,305100,Pg,Sant Joan,34,05,el Fort Pienc,02,L'Eixample,41.393295,2.177816,431265.454,4582744.133,17/06/2016,29/06/2016,TRÀNSIT
1170,305100,Pg,Sant Joan,15,07,la Dreta de l'Eixample,02,L'Eixample,41.392678,2.178319,431306.843,4582675.321,17/06/2016,29/06/2016,TRÀNSIT
1171,148307,Pg,Gràcia,124,31,la Vila de Gràcia,06,Gràcia,41.397772,2.158115,429623.234,4583256.978,17/06/2016,29/06/2016,TRÀNSIT
1172,148307,Pg,Gràcia,111,31,la Vila de Gràcia,06,Gràcia,41.396968,2.158797,429679.400,4583167.165,17/06/2016,29/06/2016,TRÀNSIT
1173,148307,Pg,Gràcia,51,07,la Dreta de l'Eixample,02,L'Eixample,41.392571,2.164247,430130.284,4582674.660,17/06/2016,29/06/2016,TRÀNSIT
1174,148307,Pg,Gràcia,27,07,la Dreta de l'Eixample,02,L'Eixample,41.390799,2.166440,430311.695,4582476.112,17/06/2016,,TRÀNSIT
1175,148307,Pg,Gràcia,13,07,la Dreta de l'Eixample,02,L'Eixample,41.389653,2.167858,430429.031,4582347.780,17/06/2016,29/06/2016,TRÀNSIT
1186,305100,Pg,Sant Joan,97,07,la Dreta de l'Eixample,02,L'Eixample,41.398882,2.170110,430627.176,4583370.537,30/06/2016,15/03/2017,TRÀNSIT
1187,305100,Pg,Sant Joan,39,07,la Dreta de l'Eixample,02,L'Eixample,41.395867,2.174102,430957.671,4583032.698,30/06/2016,30/09/2021,SUPERILLA
1188,335100,Pl,Tetuan,4,07,la Dreta de l'Eixample,02,L'Eixample,41.394316,2.175891,431105.539,4582859.073,30/06/2016,24/10/2016,TRÀNSIT
1189,305100,Pg,Sant Joan,34,05,el Fort Pienc,02,L'Eixample,41.393295,2.177816,431265.454,4582744.133,30/06/2016,,TRÀNSIT
1190,305100,Pg,Sant Joan,15,07,la Dreta de l'Eixample,02,L'Eixample,41.392678,2.178319,431306.843,4582675.321,30/06/2016,15/03/2017,TRÀNSIT
1191,148307,Pg,Gràcia,124,31,la Vila de Gràcia,06,Gràcia,41.397772,2.158115,429623.234,4583256.978,30/06/2016,13/03/2017,TRÀNSIT
1192,148307,Pg,Gràcia,111,31,la Vila de Gràcia,06,Gràcia,41.396968,2.158797,429679.400,4583167.165,30/06/2016,,TRÀNSIT
1193,148307,Pg,Gràcia,81,07,la Dreta de l'Eixample,02,L'Eixample,41.394328,2.162069,429950.045,4582871.451,30/06/2016,,TRÀNSIT
1194,148307,Pg,Gràcia,51,07,la Dreta de l'Eixample,02,L'Eixample,41.392571,2.164247,430130.284,4582674.660,30/06/2016,29/09/2021,TRÀNSIT
1195,148307,Pg,Gràcia,13,07,la Dreta de l'Eixample,02,L'Eixample,41.389653,2.167858,430429.031,4582347.780,30/06/2016,29/09/2021,TRÀNSIT
1196,305100,Pg,Sant Joan,82,07,la Dreta de l'Eixample,02,L'Eixample,41.397398,2.172381,430815.407,4583204.012,30/06/2016,,TRÀNSIT
1197,305100,Pg,Sant Joan,60,07,la Dreta de l'Eixample,02,L'Eixample,41.396355,2.173764,430929.894,4583087.076,30/06/2016,30/09/2021,SUPERILLA
1226,121708,C,Felipe de Paz,20,20,la Maternitat i Sant Ramon,04,Les Corts,41.379443,2.125801,426901.408,4581248.896,13/07/2016,22/10/2016,SUPERILLA
1227,701278,Pg,Taulat,263,69,Diagonal Mar i el Front Marítim del Poblenou,10,Sant Martí,41.405017,2.212947,434214.228,4584018.225,13/07/2016,20/09/2016,TRÀNSIT
1228,62700,C,Bosch i Gimpera,28,23,Sarrià,05,Sarrià-Sant Gervasi,41.395461,2.117319,426210.314,4583034.374,13/07/2016,01/03/2017,TRÀNSIT
1248,325107,C,Trelawny,2,03,la Barceloneta,01,Ciutat Vella,41.384941,2.195578,432741.722,4581802.828,28/07/2016,08/11/2016,OCI
1266,198702,Av,Francesc Ferrer i Guàrdia,13,11,el Poble Sec,03,Sants-Montjuïc,41.369498,2.146542,428624.886,4580127.546,28/07/2016,28/11/2016,OCI
1286,209300,Ptge,Valeri Serra,18,08,l'Antiga Esquerra de l'Eixample,02,L'Eixample,41.384986,2.160491,429808.118,4581835.568,17/08/2016,20/12/2017,TRÀNSIT
1287,189202,C,Magalhães,29,11,el Poble Sec,03,Sants-Montjuïc,41.371966,2.164059,430092.511,4580387.283,17/08/2016,31/01/2017,TRÀNSIT
1288,142402,C,Gavà,17,16,la Bordeta,03,Sants-Montjuïc,41.371928,2.141203,428181.076,4580401.723,17/08/2016,31/01/2017,TRÀNSIT
1289,348805,Pl,Revolució de Setembre 1868,3,31,la Vila de Gràcia,06,Gràcia,41.402754,2.158158,429632.212,4583810.119,18/08/2016,05/11/2021,OCI
1290,106103,Pl,Sarrià,9,23,Sarrià,05,Sarrià-Sant Gervasi,41.399835,2.121861,426594.883,4583516.189,18/08/2016,06/02/2017,TRÀNSIT
1291,37350,Av,J. V. Foix,66,23,Sarrià,05,Sarrià-Sant Gervasi,41.396055,2.119916,426428.061,4583098.117,18/08/2016,15/11/2017,TRÀNSIT
1306,111908,Av,Escolapi Càncer,3,54,Torre Baró,08,Nou Barris,41.459870,2.181325,431628.622,4590132.523,23/08/2016,20/09/2016,TRÀNSIT
1326,701278,Pg,Taulat,263,69,Diagonal Mar i el Front Marítim del Poblenou,10,Sant Martí,41.405017,2.212947,434214.228,4584018.225,13/07/2016,18/06/2018,TRÀNSIT
1346,249304,C,Pere IV,100,68,el Poblenou,10,Sant Martí,41.398428,2.194265,432645.836,4583301.159,20/09/2016,10/11/2016,SUPERILLA
1347,11200,C,Almogàvers,188,66,el Parc i la Llacuna del Poblenou,10,Sant Martí,41.400734,2.195192,432725.748,4583556.392,20/09/2016,21/03/2017,SUPERILLA
1348,311703,C,Sancho de Ávila,133,66,el Parc i la Llacuna del Poblenou,10,Sant Martí,41.402437,2.194760,432691.389,4583745.789,20/09/2016,04/10/2022,TRÀNSIT
1349,183603,C,Llacuna,122,68,el Poblenou,10,Sant Martí,41.404116,2.195181,432728.307,4583931.925,20/09/2016,20/12/2016,SUPERILLA
1386,32700,C,Balmes,232,26,Galvany,05,Sarrià-Sant Gervasi,41.398930,2.150900,429021.324,4583391.477,21/10/2016,10/11/2016,TRÀNSIT
1387,32700,C,Balmes,173,26,Galvany,05,Sarrià-Sant Gervasi,41.396109,2.153807,429261.336,4583075.952,21/10/2016,08/06/2022,TRÀNSIT
1388,192502,C,Manso,1,10,Sant Antoni,02,L'Eixample,41.375392,2.158681,429646.454,4580771.979,21/10/2016,,TRÀNSIT
1389,329902,C,Tamarit,89,10,Sant Antoni,02,L'Eixample,41.375415,2.156424,429457.687,4580776.359,21/10/2016,,TRÀNSIT
1566,191204,C,Mallorca,75,09,la Nova Esquerra de l'Eixample,02,L'Eixample,41.384638,2.150265,428952.731,4581805.351,11/11/2016,28/11/2016,OBRES
1586,158901,Pl,Osca,2,18,Sants,03,Sants-Montjuïc,41.376198,2.138527,427962.000,4580878.000,17/11/2016,20/12/2016,OCI
1606,191204,C,Mallorca,75,09,la Nova Esquerra de l'Eixample,02,L'Eixample,41.384638,2.150265,428952.731,4581805.351,28/11/2016,28/06/2017,OBRES
1627,32700,C,Balmes,232,26,Galvany,05,Sarrià-Sant Gervasi,41.398930,2.150900,429021.324,4583391.477,11/11/2016,,TRÀNSIT
1686,270901,C,Pujades,166,68,el Poblenou,10,Sant Martí,41.400560,2.199448,433081.352,4583533.771,19/12/2016,05/10/2022,TRÀNSIT
1726,158901,Pl,Osca,2,18,Sants,03,Sants-Montjuïc,41.376198,2.138527,427962.000,4580878.000,20/12/2016,26/05/2017,OCI
1746,325107,C,Trelawny,2,03,la Barceloneta,01,Ciutat Vella,41.384941,2.195578,432741.722,4581802.828,29/12/2016,08/11/2017,OCI
1866,208001,C,Torrent de l'Olla,218,31,la Vila de Gràcia,06,Gràcia,41.406216,2.152848,429192.067,4584198.701,19/01/2017,26/02/2017,TRÀNSIT
1867,208001,C,Torrent de l'Olla,218,31,la Vila de Gràcia,06,Gràcia,41.406216,2.152848,429192.067,4584198.701,19/01/2017,26/02/2017,TRÀNSIT
1868,208001,C,Torrent de l'Olla,218,31,la Vila de Gràcia,06,Gràcia,41.406216,2.152848,429192.067,4584198.701,19/01/2017,26/02/2017,TRÀNSIT
1869,208001,C,Torrent de l'Olla,218,31,la Vila de Gràcia,06,Gràcia,41.406216,2.152848,429192.067,4584198.701,19/01/2017,26/02/2017,TRÀNSIT
1870,208001,C,Torrent de l'Olla,218,31,la Vila de Gràcia,06,Gràcia,41.406216,2.152848,429192.067,4584198.701,19/01/2017,26/02/2017,TRÀNSIT
1871,208001,C,Torrent de l'Olla,218,31,la Vila de Gràcia,06,Gràcia,41.406216,2.152848,429192.067,4584198.701,19/01/2017,26/02/2017,TRÀNSIT
1872,208001,C,Torrent de l'Olla,218,31,la Vila de Gràcia,06,Gràcia,41.406216,2.152848,429192.067,4584198.701,19/01/2017,26/02/2017,TRÀNSIT
1873,208001,C,Torrent de l'Olla,218,31,la Vila de Gràcia,06,Gràcia,41.406216,2.152848,429192.067,4584198.701,19/01/2017,26/02/2017,TRÀNSIT
1874,208001,C,Torrent de l'Olla,218,31,la Vila de Gràcia,06,Gràcia,41.406216,2.152848,429192.067,4584198.701,19/01/2017,26/02/2017,TRÀNSIT
1875,208001,C,Torrent de l'Olla,218,31,la Vila de Gràcia,06,Gràcia,41.406216,2.152848,429192.067,4584198.701,19/01/2017,26/02/2017,TRÀNSIT
1886,236700,C,Or,10,31,la Vila de Gràcia,06,Gràcia,41.403978,2.156015,429454.426,4583947.753,19/01/2017,,OCI
1887,326904,Pl,Sol,2,31,la Vila de Gràcia,06,Gràcia,41.401519,2.156852,429521.701,4583674.030,19/01/2017,,OCI
1888,183603,C,Llacuna,122,68,el Poblenou,10,Sant Martí,41.404116,2.195181,432728.307,4583931.925,19/01/2017,04/10/2022,TRÀNSIT
1906,226400,C,Las Navas de Tolosa,278,63,Navas,09,Sant Andreu,41.415571,2.186405,432006.728,4585210.429,23/01/2017,,TRÀNSIT
1926,102500,C,Doctor Joaquín Albarrán,5,21,Pedralbes,04,Les Corts,41.389814,2.107345,425370.000,4582416.000,25/01/2017,26/01/2017,TRÀNSIT
1946,102500,C,Doctor Joaquín Albarrán,5,21,Pedralbes,04,Les Corts,41.389814,2.107345,425370.000,4582416.000,26/01/2017,03/03/2017,TRÀNSIT
1947,284804,C,Robador,31,01,el Raval,01,Ciutat Vella,41.379396,2.170909,430673.242,4581206.666,24/01/2017,26/04/2017,OCI
1948,21306,C,Arc del Teatre,5,01,el Raval,01,Ciutat Vella,41.378242,2.175112,431023.452,4581075.134,24/01/2017,14/12/2017,OCI
1967,255602,Pg,Pineda,52,56,Vallbona,08,Nou Barris,41.466363,2.182726,431752.501,4590852.270,31/01/2017,25/05/2017,TRÀNSIT
1968,236801,C,Orpí,7,56,Vallbona,08,Nou Barris,41.462215,2.183020,431772.703,4590391.500,31/01/2017,21/04/2017,TRÀNSIT
1987,167709,C,Joaquín Costa,33,01,el Raval,01,Ciutat Vella,41.382336,2.165958,430262.387,4581537.016,01/02/2017,21/12/2017,OCI
1988,112208,C,Escudellers,48,02,el Barri Gòtic,01,Ciutat Vella,41.380390,2.177537,431228.473,4581311.696,01/02/2017,14/12/2017,OCI
1989,349309,Rda,Universitat,27,07,la Dreta de l'Eixample,02,L'Eixample,41.386795,2.166683,430327.761,4582031.484,01/02/2017,25/05/2017,TRÀNSIT
2006,54906,C,Calatrava,73,24,les Tres Torres,05,Sarrià-Sant Gervasi,41.401930,2.127948,427106.079,4583743.547,06/02/2017,20/06/2017,TRÀNSIT
2026,148409,Ctra,Sant Cugat,95,28,Vallcarca i els Penitents,06,Gràcia,41.422393,2.138327,427996.228,4586006.683,08/02/2017,20/06/2017,TRÀNSIT
2027,320908,Ctra,Sarrià a Vallvidrera,97,23,Sarrià,05,Sarrià-Sant Gervasi,41.408060,2.111839,425766.502,4584437.858,08/02/2017,24/05/2017,TRÀNSIT
2028,157308,Ctra,Horta a Cerdanyola,20,43,Horta,07,Horta-Guinardó,41.441201,2.154997,429409.652,4588080.950,08/02/2017,26/05/2017,TRÀNSIT
2046,344101,Trav,Gràcia,313,32,el Camp d'en Grassot i Gràcia Nova,06,Gràcia,41.406299,2.165618,430259.543,4584197.569,27/02/2017,04/06/2018,SUPERILLA
2047,31300,C,Bailèn,214,32,el Camp d'en Grassot i Gràcia Nova,06,Gràcia,41.402231,2.163695,430094.489,4583747.566,27/02/2017,06/06/2018,SUPERILLA
2048,305100,Pg,Sant Joan,153,32,el Camp d'en Grassot i Gràcia Nova,06,Gràcia,41.402055,2.165841,430273.667,4583726.218,27/02/2017,06/06/2018,SUPERILLA
2049,286504,C,Roger de Flor,274,32,el Camp d'en Grassot i Gràcia Nova,06,Gràcia,41.403048,2.167147,430383.901,4583835.478,27/02/2017,09/03/2017,SUPERILLA
2050,76807,C,Sardenya,390,06,la Sagrada Família,02,L'Eixample,41.406612,2.169174,430557.096,4584229.482,27/02/2017,04/06/2018,SUPERILLA
2051,119003,Pg,Fabra i Puig,409,43,Horta,07,Horta-Guinardó,41.434538,2.163680,430127.870,4587334.206,28/02/2017,04/06/2018,SUPERILLA
2052,107401,C,Eduard Toda,51,43,Horta,07,Horta-Guinardó,41.435841,2.156500,429529.378,4587484.701,28/02/2017,04/06/2018,SUPERILLA
2053,58102,C,Campoamor,37,43,Horta,07,Horta-Guinardó,41.433986,2.156117,429495.371,4587279.036,28/02/2017,06/06/2018,SUPERILLA
2054,351901,Pg,Valldaura,24,43,Horta,07,Horta-Guinardó,41.437482,2.156005,429489.839,4587667.269,28/02/2017,28/02/2017,SUPERILLA
2055,351901,Pg,Valldaura,24,43,Horta,07,Horta-Guinardó,41.437482,2.156005,429489.839,4587667.269,28/02/2017,28/02/2017,SUPERILLA
2066,351901,Pg,Valldaura,24,43,Horta,07,Horta-Guinardó,41.437482,2.156005,429489.839,4587667.269,01/03/2017,04/06/2018,SUPERILLA
2067,329505,C,Tajo,56,43,Horta,07,Horta-Guinardó,41.429716,2.160326,429842.482,4586801.620,01/03/2017,04/06/2018,SUPERILLA
2086,208001,C,Torrent de l'Olla,218,31,la Vila de Gràcia,06,Gràcia,41.406216,2.152848,429192.067,4584198.701,13/03/2017,21/03/2017,TRÀNSIT
2106,249304,C,Pere IV,100,68,el Poblenou,10,Sant Martí,41.398428,2.194265,432645.836,4583301.159,10/11/2016,18/01/2023,TRÀNSIT
2166,279600,Av,República Argentina,223,27,el Putxet i el Farró,05,Sarrià-Sant Gervasi,41.411733,2.140767,428188.375,4584821.187,11/10/2016,25/05/2022,TRÀNSIT
2186,286504,C,Roger de Flor,274,32,el Camp d'en Grassot i Gràcia Nova,06,Gràcia,41.403048,2.167147,430383.901,4583835.478,22/03/2017,04/06/2018,SUPERILLA
2206,297001,C,Sant Antoni Maria Claret,373,61,la Sagrera,09,Sant Andreu,41.421297,2.187865,432134.708,4585844.985,23/03/2017,06/02/2020,TRÀNSIT
2207,297001,C,Sant Antoni Maria Claret,403,61,la Sagrera,09,Sant Andreu,41.422350,2.188890,432221.420,4585961.130,23/03/2017,12/04/2022,TRÀNSIT
2208,339906,C,Torre dels Pardals,45,35,el Guinardó,07,Horta-Guinardó,41.422861,2.174795,431044.149,4586028.925,23/03/2017,,TRÀNSIT
2209,339906,C,Torre dels Pardals,96,35,el Guinardó,07,Horta-Guinardó,41.423756,2.172718,430871.562,4586129.993,23/03/2017,05/05/2022,TRÀNSIT
2246,11200,C,Almogàvers,188,66,el Parc i la Llacuna del Poblenou,10,Sant Martí,41.400734,2.195192,432725.748,4583556.392,26/04/2017,18/01/2023,TRÀNSIT
2266,87009,C,Comte Borrell,81,10,Sant Antoni,02,L'Eixample,41.378636,2.160708,429819.453,4581130.453,26/04/2017,05/03/2018,SUPERILLA
2267,361406,C,Viladomat,71,10,Sant Antoni,02,L'Eixample,41.378219,2.159149,429688.604,4581085.397,26/04/2017,,TRÀNSIT
2268,285807,C,Rocafort,47,10,Sant Antoni,02,L'Eixample,41.377418,2.155691,429398.561,4580999.344,26/04/2017,17/04/2019,SUPERILLA
2306,32700,C,Balmes,45,08,l'Antiga Esquerra de l'Eixample,02,L'Eixample,41.389053,2.162752,430001.510,4582285.334,19/05/2017,09/06/2022,TRÀNSIT
2326,158901,Pl,Osca,2,18,Sants,03,Sants-Montjuïc,41.376198,2.138527,427962.000,4580878.000,26/05/2017,24/10/2017,OCI
2327,284804,C,Robador,31,01,el Raval,01,Ciutat Vella,41.379396,2.170909,430673.242,4581206.666,26/05/2017,14/12/2017,OCI
2347,43400,C,Blai,52,11,el Poble Sec,03,Sants-Montjuïc,41.374325,2.162860,429994.723,4580650.149,30/05/2017,17/04/2018,OCI
2348,167505,Pl,Joanic,7,31,la Vila de Gràcia,06,Gràcia,41.405521,2.162211,429973.940,4584113.950,30/05/2017,18/04/2018,OCI
2349,348408,C,Tuset,8,26,Galvany,05,Sarrià-Sant Gervasi,41.395450,2.152753,429172.441,4583003.592,30/05/2017,19/04/2018,OCI
2366,268808,Av,Portal de l'Àngel,24,02,el Barri Gòtic,01,Ciutat Vella,41.385747,2.172972,430852.470,4581910.055,30/05/2017,21/12/2017,OCI
2367,366400,Pl,Virreina,91,31,la Vila de Gràcia,06,Gràcia,41.405085,2.157202,429554.781,4584069.670,30/05/2017,14/11/2017,OCI
2368,229001,Pl,Nord,7,31,la Vila de Gràcia,06,Gràcia,41.407009,2.155295,429397.517,4584284.741,30/05/2017,10/07/2019,OCI
2406,296508,Rda,Sant Antoni,31,10,Sant Antoni,02,L'Eixample,41.381565,2.163384,430046.338,4581453.494,30/05/2017,05/07/2017,TRÀNSIT
2426,284305,Pl,Vila de Gràcia,1,31,la Vila de Gràcia,06,Gràcia,41.400127,2.157939,429611.073,4583518.628,09/06/2017,10/07/2019,OCI
2446,46409,Pg,Born,19,04,"Sant Pere, Santa Caterina i la Ribera",01,Ciutat Vella,41.384925,2.182772,431671.000,4581811.000,08/06/2017,11/04/2018,OCI
2489,208001,C,Torrent de l'Olla,218,31,la Vila de Gràcia,06,Gràcia,41.406216,2.152848,429192.067,4584198.701,21/06/2017,03/08/2017,OCI
2508,346800,Rbla,Poblenou,44,68,el Poblenou,10,Sant Martí,41.400018,2.202882,433367.828,4583470.992,27/06/2017,,OCI
2526,181200,C,Lucà,18,27,el Putxet i el Farró,05,Sarrià-Sant Gervasi,41.411260,2.138516,427999.709,4584770.508,14/06/2017,25/05/2022,TRÀNSIT
2547,348408,C,Tuset,13,26,Galvany,05,Sarrià-Sant Gervasi,41.396035,2.151733,429087.879,4583069.384,06/07/2017,07/06/2022,OCI
2548,112208,C,Escudellers,34,02,el Barri Gòtic,01,Ciutat Vella,41.380128,2.176933,431177.722,4581283.046,06/07/2017,28/09/2023,OCI
2549,296508,Rda,Sant Antoni,59,10,Sant Antoni,02,L'Eixample,41.384606,2.163802,430084.516,4581790.720,05/07/2017,28/11/2019,SUPERILLA
2586,198509,Av,Marquès de Castellbell,21,42,la Clota,07,Horta-Guinardó,41.429071,2.155578,429445.070,4586733.868,02/08/2017,24/01/2018,TRÀNSIT
2587,344101,Trav,Gràcia,79,26,Galvany,05,Sarrià-Sant Gervasi,41.397107,2.151024,429029.735,4583188.935,02/08/2017,15/11/2017,OCI
2588,193108,Pg,Manuel Girona,10,21,Pedralbes,04,Les Corts,41.389896,2.120558,426474.748,4582413.780,02/08/2017,15/11/2017,TRÀNSIT
2589,130403,C,Fontanella,4,02,el Barri Gòtic,01,Ciutat Vella,41.387314,2.171858,430761.014,4582084.943,02/08/2017,11/10/2017,TRÀNSIT
2590,191204,C,Mallorca,75,09,la Nova Esquerra de l'Eixample,02,L'Eixample,41.384638,2.150265,428952.731,4581805.351,02/08/2017,22/12/2017,OBRES
2591,209900,Av,Meridiana,274,61,la Sagrera,09,Sant Andreu,41.420539,2.187096,432069.620,4585761.407,03/08/2017,08/11/2017,TRÀNSIT
2592,241200,C,Palamós,85,53,la Trinitat Nova,08,Nou Barris,41.452880,2.187212,432113.008,4589351.826,03/08/2017,24/01/2018,TRÀNSIT
2593,23709,C,Arítjols,27,52,la Prosperitat,08,Nou Barris,41.442510,2.182300,431691.890,4588204.411,03/08/2017,24/01/2018,TRÀNSIT
2594,127205,C,Flor de Neu,57,52,la Prosperitat,08,Nou Barris,41.445022,2.183468,431792.082,4588482.430,03/08/2017,25/01/2018,TRÀNSIT
2595,156509,C,Hondures,41,61,la Sagrera,09,Sant Andreu,41.420688,2.188674,432201.636,4585776.706,03/08/2017,09/10/2017,TRÀNSIT
2596,322007,C,Segre,123,60,Sant Andreu,09,Sant Andreu,41.430954,2.194811,432725.080,4586911.725,03/08/2017,07/09/2017,TRÀNSIT
2597,266405,Rbla,Prim,19,70,el Besòs i el Maresme,10,Sant Martí,41.411656,2.218416,434678.029,4584751.178,03/08/2017,18/07/2018,OCI
2626,237600,C,Pau Alcover,41,24,les Tres Torres,05,Sarrià-Sant Gervasi,41.400335,2.128454,427146.605,4583566.066,02/08/2017,24/01/2018,TRÀNSIT
2646,30307,Pl,Bacardí,2,43,Horta,07,Horta-Guinardó,41.429704,2.163648,430119.968,4586797.592,13/09/2017,11/10/2017,TRÀNSIT
2706,701753,Jard,Ramon Aramon i Serra,2,15,Hostafrancs,03,Sants-Montjuïc,41.374615,2.146871,428657.952,4580695.360,11/10/2017,01/03/2018,OCI
2707,30307,Pl,Bacardí,2,43,Horta,07,Horta-Guinardó,41.429704,2.163648,430119.968,4586797.592,12/10/2017,21/03/2018,TRÀNSIT
2726,158901,Pl,Osca,2,18,Sants,03,Sants-Montjuïc,41.376198,2.138527,427962.000,4580878.000,26/10/2017,14/12/2017,OCI
2746,50905,C,Ventura Plaja,28,17,Badal,03,Sants-Montjuïc,41.374656,2.126152,426925.407,4580717.121,08/11/2017,04/12/2017,OCI
2766,161101,C,Independència,349,64,el Camp de l'Arpa del Clot,10,Sant Martí,41.410734,2.179350,431412.000,4584679.000,08/11/2017,19/12/2017,TRÀNSIT
2786,325107,C,Trelawny,2,03,la Barceloneta,01,Ciutat Vella,41.384941,2.195578,432741.722,4581802.828,08/11/2017,02/05/2018,OCI
2806,32700,C,Balmes,417,25,la Bonanova,05,Sarrià-Sant Gervasi,41.407806,2.138004,427953.132,4584387.543,15/11/2017,12/12/2017,TRÀNSIT
2808,278200,Av,Reina Maria Cristina,8,11,el Poble Sec,03,Sants-Montjuïc,41.371794,2.150782,428982.000,4580379.000,17/11/2017,06/08/2019,OCI
2826,169409,G.V.,Corts Catalanes,120,13,la Marina de Port,03,Sants-Montjuïc,41.363549,2.134546,427615.000,4579477.000,01/12/2017,22/02/2018,TRÀNSIT
2846,366400,Pl,Virreina,91,31,la Vila de Gràcia,06,Gràcia,41.405085,2.157202,429554.781,4584069.670,14/12/2017,18/01/2018,OCI
2886,213908,Av,Mistral,29,10,Sant Antoni,02,L'Eixample,41.376780,2.157351,429536.744,4580927.142,20/12/2017,,OCI
2906,223606,C,Muntaner,54,08,l'Antiga Esquerra de l'Eixample,02,L'Eixample,41.386508,2.159824,429753.970,4582005.105,20/12/2017,17/04/2018,OCI
2907,246000,C,Parlament,25,10,Sant Antoni,02,L'Eixample,41.376425,2.162425,429960.622,4580883.642,20/12/2017,24/01/2018,OCI
2908,110304,C,Enric Granados,30,08,l'Antiga Esquerra de l'Eixample,02,L'Eixample,41.390262,2.159182,429704.312,4582422.348,20/12/2017,17/07/2018,OCI
2909,213908,Av,Mistral,52,10,Sant Antoni,02,L'Eixample,41.376092,2.154296,429280.499,4580853.220,21/12/2017,17/04/2018,OCI
2946,158901,Pl,Osca,2,18,Sants,03,Sants-Montjuïc,41.376198,2.138527,427962.000,4580878.000,24/01/2018,10/01/2019,SUPERILLA
2948,246000,C,Parlament,25,10,Sant Antoni,02,L'Eixample,41.376425,2.162425,429960.622,4580883.642,24/01/2018,01/06/2018,OCI
2966,21306,C,Arc del Teatre,5,01,el Raval,01,Ciutat Vella,41.378242,2.175112,431023.452,4581075.134,25/01/2018,02/03/2018,OCI
2967,112208,C,Escudellers,48,02,el Barri Gòtic,01,Ciutat Vella,41.380390,2.177537,431228.473,4581311.696,25/01/2018,13/11/2019,OCI
2986,11200,C,Pamplona,103,66,el Parc i la Llacuna del Poblenou,10,Sant Martí,41.397383,2.190215,432306.225,4583188.274,31/01/2018,13/11/2020,OCI
3006,72602,C,Castelldefels,79,54,Torre Baró,08,Nou Barris,41.454842,2.177650,431316.398,4589577.233,31/01/2018,22/03/2018,TRÀNSIT
3007,22615,C,Castell d'Argençola,51,54,Torre Baró,08,Nou Barris,41.454591,2.174907,431087.032,4589551.492,31/01/2018,22/03/2018,TRÀNSIT
3026,284804,C,Robador,31,01,el Raval,01,Ciutat Vella,41.379396,2.170909,430673.242,4581206.666,31/01/2018,03/06/2020,OCI
3027,167709,C,Joaquín Costa,33,01,el Raval,01,Ciutat Vella,41.382336,2.165958,430262.387,4581537.016,31/01/2018,,OCI
3046,43400,C,Blai,41,11,el Poble Sec,03,Sants-Montjuïc,41.374055,2.163579,430054.558,4580619.516,22/02/2018,02/03/2018,OCI
3066,249304,C,Pere IV,162,68,el Poblenou,10,Sant Martí,41.401749,2.196942,432873.030,4583667.715,22/02/2018,,TRÀNSIT
3067,73707,C,Castella,1,68,el Poblenou,10,Sant Martí,41.404479,2.198932,433042.194,4583969.259,22/02/2018,,TRÀNSIT
3068,249304,C,Pere IV,252,68,el Poblenou,10,Sant Martí,41.405056,2.199642,433102.124,4584032.739,22/02/2018,20/11/2020,TRÀNSIT
3086,344000,Trav,Dalt,13,30,la Salut,06,Gràcia,41.408346,2.151499,429081.670,4584436.311,01/03/2018,,TRÀNSIT
3087,344000,Trav,Dalt,48,30,la Salut,06,Gràcia,41.409236,2.154578,429340.018,4584532.597,01/03/2018,,TRÀNSIT
3088,344000,Trav,Dalt,91,30,la Salut,06,Gràcia,41.410915,2.156909,429536.597,4584717.158,01/03/2018,28/09/2021,TRÀNSIT
3106,107900,C,Eiximenis,21,60,Sant Andreu,09,Sant Andreu,41.441298,2.189414,432284.902,4588064.237,01/03/2018,,TRÀNSIT
3107,21306,C,Arc del Teatre,5,01,el Raval,01,Ciutat Vella,41.378242,2.175112,431023.452,4581075.134,02/03/2018,13/09/2018,OCI
3126,43400,C,Blai,41,11,el Poble Sec,03,Sants-Montjuïc,41.374055,2.163579,430054.558,4580619.516,02/03/2018,19/11/2018,OCI
3146,23403,C,Aribau,74,08,l'Antiga Esquerra de l'Eixample,02,L'Eixample,41.389345,2.158162,429618.112,4582321.474,08/03/2018,17/07/2018,OCI
3186,366400,Pl,Virreina,91,31,la Vila de Gràcia,06,Gràcia,41.405085,2.157202,429554.781,4584069.670,21/03/2018,09/04/2018,OCI
3187,184708,Ptge,Llavallol,17,32,el Camp d'en Grassot i Gràcia Nova,06,Gràcia,41.405397,2.167532,430418.578,4584095.897,21/03/2018,01/02/2019,OCI
3206,169409,G.V.,Corts Catalanes,769,05,el Fort Pienc,02,L'Eixample,41.402124,2.184799,431858.456,4583718.788,21/03/2018,28/09/2022,TRÀNSIT
3207,86403,Pl,Concòrdia,7,19,les Corts,04,Les Corts,41.386486,2.132121,427437.693,4582025.479,20/03/2018,18/06/2018,OCI
3208,169409,G.V.,Corts Catalanes,891,65,el Clot,10,Sant Martí,41.408257,2.192991,432549.552,4584393.262,22/03/2018,11/01/2019,OBRES
3209,169409,G.V.,Corts Catalanes,875,65,el Clot,10,Sant Martí,41.407874,2.192481,432506.528,4584351.180,22/03/2018,10/01/2019,OBRES
3226,169409,G.V.,Corts Catalanes,755,05,el Fort Pienc,02,L'Eixample,41.401284,2.183707,431766.261,4583626.412,21/03/2018,22/01/2019,OBRES
3247,326303,C,Sitges,5,01,el Raval,01,Ciutat Vella,41.384378,2.169670,430574.900,4581760.703,27/03/2018,29/06/2018,OCI
3306,128106,C,Fluvià,129,71,Provençals del Poblenou,10,Sant Martí,41.410096,2.203376,433419.443,4584589.452,04/05/2018,,TRÀNSIT
3366,144601,Av,Diagonal,10,70,el Besòs i el Maresme,10,Sant Martí,41.411262,2.217595,434609.000,4584708.000,23/05/2018,06/06/2018,OCI
3386,700892,Pg,Garcia Fària,81,69,Diagonal Mar i el Front Marítim del Poblenou,10,Sant Martí,41.406537,2.216946,434550.000,4584184.000,01/06/2018,04/06/2018,OCI
3406,700084,C,Beltrán i Rózpide,5,21,Pedralbes,04,Les Corts,41.389054,2.120976,426508.757,4582319.994,05/06/2018,16/08/2018,OCI
3426,169409,G.V.,Corts Catalanes,839,65,el Clot,10,Sant Martí,41.405467,2.189321,432239.915,4584086.445,13/06/2018,18/07/2018,OBRES
3447,86403,Pl,Concòrdia,7,19,les Corts,04,Les Corts,41.386486,2.132121,427437.693,4582025.479,18/06/2018,27/09/2018,OCI
3466,8206,C,Alella,45,45,Porta,08,Nou Barris,41.431596,2.177269,431260.112,4586996.763,12/06/2018,,TRÀNSIT
3467,319002,C,Santanyí,28,45,Porta,08,Nou Barris,41.431609,2.175428,431106.241,4586999.675,12/06/2018,20/05/2022,TRÀNSIT
3468,194100,C,La Maquinista,2,03,la Barceloneta,01,Ciutat Vella,41.380438,2.187454,432057.743,4581309.258,12/06/2018,21/07/2020,TRÀNSIT
3469,342106,C,Tortellà,20,68,el Poblenou,10,Sant Martí,41.403624,2.209016,433884.211,4583866.548,18/06/2018,,TRÀNSIT
3470,701629,C,Isaac Newton,48,25,la Bonanova,05,Sarrià-Sant Gervasi,41.414977,2.136050,427797.738,4585185.304,26/06/2018,25/05/2022,TRÀNSIT
3486,326904,Pl,Sol,15,31,la Vila de Gràcia,06,Gràcia,41.401754,2.156645,429504.663,4583700.258,28/06/2018,03/12/2018,OCI
3506,326904,Pl,Sol,2,31,la Vila de Gràcia,06,Gràcia,41.401484,2.156800,429517.329,4583670.190,27/06/2018,14/04/2021,OCI
3507,326904,Pl,Sol,22,31,la Vila de Gràcia,06,Gràcia,41.401432,2.156614,429501.690,4583664.564,27/06/2018,14/04/2021,OCI
3508,326904,Pl,Sol,14,31,la Vila de Gràcia,06,Gràcia,41.401686,2.156542,429495.967,4583692.848,28/06/2018,12/03/2020,OCI
3509,326904,Pl,Sol,21,31,la Vila de Gràcia,06,Gràcia,41.401561,2.156465,429489.413,4583679.014,28/06/2018,29/10/2019,OCI
3510,326904,Pl,Sol,23,31,la Vila de Gràcia,06,Gràcia,41.401470,2.156483,429490.817,4583668.844,28/06/2018,18/10/2022,OCI
3511,326802,C,Sol,2,31,la Vila de Gràcia,06,Gràcia,41.401589,2.156954,429530.324,4583681.732,28/06/2018,29/10/2019,OCI
3512,326904,Pl,Sol,14,31,la Vila de Gràcia,06,Gràcia,41.401754,2.156645,429504.663,4583700.258,28/06/2018,29/10/2019,OCI
3513,326802,C,Sol,13,31,la Vila de Gràcia,06,Gràcia,41.401902,2.156703,429509.637,4583716.629,28/06/2018,18/10/2022,OCI
3514,326904,Pl,Sol,15,31,la Vila de Gràcia,06,Gràcia,41.401799,2.156547,429496.477,4583705.366,28/06/2018,18/10/2022,OCI
3515,326904,Pl,Sol,18,31,la Vila de Gràcia,06,Gràcia,41.401694,2.156388,429483.081,4583693.883,28/06/2018,18/10/2022,OCI
3516,326904,Pl,Sol,8,31,la Vila de Gràcia,06,Gràcia,41.401780,2.156939,429529.224,4583702.927,29/06/2018,18/10/2022,OCI
3517,326904,Pl,Sol,6,31,la Vila de Gràcia,06,Gràcia,41.401667,2.157070,429540.080,4583690.339,29/06/2018,18/10/2022,OCI
3518,326904,Pl,Sol,1,31,la Vila de Gràcia,06,Gràcia,41.401354,2.156711,429509.749,4583655.856,29/06/2018,18/10/2022,OCI
3519,326904,Pl,Sol,4,31,la Vila de Gràcia,06,Gràcia,41.401523,2.156967,429531.310,4583674.383,29/06/2018,14/04/2021,OCI
3526,366400,Pl,Virreina,91,31,la Vila de Gràcia,06,Gràcia,41.405085,2.157202,429554.781,4584069.670,12/07/2018,30/04/2019,OCI
3546,74051,E.A.,Castell de Montjuïc,sn,11,el Poble Sec,03,Sants-Montjuïc,41.364142,2.165220,430181.185,4579517.743,17/07/2018,14/11/2018,OCI
3566,51908,C,Burgos,22,18,Sants,03,Sants-Montjuïc,41.372941,2.133292,427520.556,4580520.791,17/07/2018,16/03/2023,ZONES PEATONALS
3586,701334,C,Fernando Pessoa,15,60,Sant Andreu,09,Sant Andreu,41.439357,2.193150,432594.963,4587845.891,18/07/2018,15/01/2019,OBRES
3606,237203,C,Otger,20,60,Sant Andreu,09,Sant Andreu,41.434609,2.190387,432359.219,4587320.911,18/07/2018,04/02/2019,OCI
3607,301109,Pl,Palmeres,20,60,Sant Andreu,09,Sant Andreu,41.432826,2.186510,432033.460,4587126.030,18/07/2018,29/09/2018,OCI
3608,169409,G.V.,Corts Catalanes,839,65,el Clot,10,Sant Martí,41.405467,2.189321,432239.915,4584086.445,18/07/2018,21/05/2019,OBRES
3609,266405,Rbla,Prim,19,70,el Besòs i el Maresme,10,Sant Martí,41.411656,2.218416,434678.029,4584751.178,18/07/2018,05/06/2019,OCI
3626,326303,C,Sitges,5,01,el Raval,01,Ciutat Vella,41.384378,2.169670,430574.900,4581760.703,19/07/2018,26/06/2020,OCI
3666,348408,C,Tuset,8,26,Galvany,05,Sarrià-Sant Gervasi,41.395450,2.152753,429172.441,4583003.592,22/08/2018,19/02/2020,OCI
3667,167505,Pl,Joanic,7,31,la Vila de Gràcia,06,Gràcia,41.405521,2.162211,429973.940,4584113.950,22/08/2018,29/04/2021,OCI
3668,96203,C,Chapí,66,43,Horta,07,Horta-Guinardó,41.431907,2.159929,429811.652,4587045.206,22/08/2018,03/06/2019,SUPERILLA
3669,302203,C,Sant Gervasi de Cassoles,80,25,la Bonanova,05,Sarrià-Sant Gervasi,41.405913,2.136216,427801.558,4584178.890,22/08/2018,19/02/2020,SUPERILLA
3686,46409,Pg,Born,19,04,"Sant Pere, Santa Caterina i la Ribera",01,Ciutat Vella,41.384923,2.182773,431671.050,4581810.780,17/08/2018,,OCI
3706,102102,C,Doctor Giné i Partagàs,61,03,la Barceloneta,01,Ciutat Vella,41.379561,2.191067,432359.000,4581209.000,30/08/2018,15/06/2022,OCI
3707,65607,C,Carders,36,04,"Sant Pere, Santa Caterina i la Ribera",01,Ciutat Vella,41.387076,2.180426,431477.078,4582051.709,30/08/2018,07/06/2022,OCI
3709,177101,Via,Laietana,16,04,"Sant Pere, Santa Caterina i la Ribera",01,Ciutat Vella,41.383288,2.179750,431416.605,4581631.729,30/08/2018,11/07/2019,TRÀNSIT
3710,308200,C,Sant Nicolau,12,15,Hostafrancs,03,Sants-Montjuïc,41.377464,2.144930,428498.791,4581013.286,29/08/2018,03/06/2019,SUPERILLA
3711,114000,Pl,Espanya,6,15,Hostafrancs,03,Sants-Montjuïc,41.375439,2.148565,428800.524,4580785.403,29/08/2018,27/01/2020,SUPERILLA
3712,87009,C,Comte Borrell,81,10,Sant Antoni,02,L'Eixample,41.378636,2.160708,429819.453,4581130.453,29/08/2018,19/02/2020,SUPERILLA
3713,89004,C,Consell de Cent,231,08,l'Antiga Esquerra de l'Eixample,02,L'Eixample,41.385465,2.158462,429638.981,4581890.396,29/08/2018,06/02/2020,SUPERILLA
3714,145003,C,Girona,45,07,la Dreta de l'Eixample,02,L'Eixample,41.393327,2.173012,430863.841,4582751.532,29/08/2018,06/02/2020,SUPERILLA
3715,145003,C,Girona,72,07,la Dreta de l'Eixample,02,L'Eixample,41.395167,2.170906,430689.741,4582957.532,29/08/2018,19/02/2020,SUPERILLA
3746,21306,C,Arc del Teatre,5,01,el Raval,01,Ciutat Vella,41.378242,2.175112,431023.452,4581075.134,13/09/2018,05/10/2020,OCI
3766,86403,Pl,Concòrdia,7,19,les Corts,04,Les Corts,41.386486,2.132121,427437.693,4582025.479,27/09/2018,10/01/2019,OCI
3786,368507,C,Xifré,94,64,el Camp de l'Arpa del Clot,10,Sant Martí,41.410968,2.180889,431540.841,4584703.770,26/09/2018,05/04/2022,TRÀNSIT
3806,349706,C,Comte d'Urgell,88,08,l'Antiga Esquerra de l'Eixample,02,L'Eixample,41.382954,2.157634,429567.023,4581612.318,18/10/2018,,TRÀNSIT
3807,349706,C,Comte d'Urgell,126,09,la Nova Esquerra de l'Eixample,02,L'Eixample,41.384666,2.155368,429379.416,4581804.195,19/10/2018,,TRÀNSIT
3846,74051,E.A.,Castell de Montjuïc,sn,11,el Poble Sec,03,Sants-Montjuïc,41.364142,2.165220,430181.185,4579517.743,14/11/2018,05/09/2019,OCI
3866,43400,C,Blai,41,11,el Poble Sec,03,Sants-Montjuïc,41.374055,2.163579,430054.558,4580619.516,19/11/2018,13/02/2019,OCI
3886,349706,C,Comte d'Urgell,155,09,la Nova Esquerra de l'Eixample,02,L'Eixample,41.387485,2.151347,429046.238,4582120.524,23/11/2018,05/06/2019,OBRES
3887,225500,C,Nàpols,238,06,la Sagrada Família,02,L'Eixample,41.401143,2.171896,430778.835,4583620.108,23/11/2018,06/09/2019,OBRES
3888,191204,C,Mallorca,362,07,la Dreta de l'Eixample,02,L'Eixample,41.400783,2.172033,430789.898,4583580.098,23/11/2018,04/02/2019,OBRES
3926,161101,C,Independència,297,64,el Camp de l'Arpa del Clot,10,Sant Martí,41.408356,2.182525,431674.905,4584412.506,04/12/2018,07/09/2019,OBRES
3967,169409,G.V.,Corts Catalanes,875,65,el Clot,10,Sant Martí,41.407874,2.192481,432506.528,4584351.180,15/01/2019,04/02/2019,OBRES
4006,169409,G.V.,Corts Catalanes,755,05,el Fort Pienc,02,L'Eixample,41.401284,2.183707,431766.261,4583626.412,01/02/2019,17/02/2020,OBRES
4026,191204,C,Mallorca,362,07,la Dreta de l'Eixample,02,L'Eixample,41.400783,2.172033,430789.898,4583580.098,04/02/2019,07/06/2019,OBRES
4046,169409,G.V.,Corts Catalanes,891,65,el Clot,10,Sant Martí,41.408257,2.192991,432549.552,4584393.262,04/02/2019,02/05/2019,OBRES
4066,169409,G.V.,Corts Catalanes,875,65,el Clot,10,Sant Martí,41.407874,2.192481,432506.528,4584351.180,07/02/2019,12/04/2019,OBRES
4067,161101,C,Independència,261,65,el Clot,10,Sant Martí,41.406390,2.185133,431890.834,4584192.219,08/02/2019,15/01/2020,TRÀNSIT
4068,229001,Pl,Nord,11,31,la Vila de Gràcia,06,Gràcia,41.407093,2.155258,429394.492,4584294.193,08/02/2019,30/04/2019,OCI
4086,43400,C,Blai,41,11,el Poble Sec,03,Sants-Montjuïc,41.374055,2.163579,430054.558,4580619.516,13/02/2019,18/09/2019,OCI
4106,366400,Pl,Virreina,4,31,la Vila de Gràcia,06,Gràcia,41.405117,2.157312,429564.061,4584073.118,28/02/2019,15/01/2020,OCI
4126,284305,Pl,Vila de Gràcia,13,31,la Vila de Gràcia,06,Gràcia,41.400380,2.157299,429557.814,4583547.226,28/02/2019,10/07/2019,OCI
4127,238400,C,Padilla,264,06,la Sagrada Família,02,L'Eixample,41.406689,2.175990,431126.890,4584232.575,01/03/2019,29/07/2019,TRÀNSIT
4147,86403,Pl,Concòrdia,7,19,les Corts,04,Les Corts,41.386486,2.132121,427437.693,4582025.479,28/03/2019,15/01/2020,OCI
4166,158901,Pl,Osca,2,18,Sants,03,Sants-Montjuïc,41.376198,2.138527,427962.000,4580878.000,01/04/2019,15/01/2020,SUPERILLA
4186,169409,G.V.,Corts Catalanes,875,65,el Clot,10,Sant Martí,41.407874,2.192481,432506.528,4584351.180,12/04/2019,11/07/2019,OBRES
4206,229001,Pl,Nord,11,31,la Vila de Gràcia,06,Gràcia,41.407093,2.155258,429394.492,4584294.193,30/04/2019,,OCI
4226,285807,C,Rocafort,47,10,Sant Antoni,02,L'Eixample,41.377418,2.155691,429398.561,4580999.344,21/05/2019,21/02/2024,TRÀNSIT
4227,346402,C,Trinxant,39,64,el Camp de l'Arpa del Clot,10,Sant Martí,41.414415,2.185702,431946.751,4585082.696,21/05/2019,15/10/2019,TRÀNSIT
4246,266405,Rbla,Prim,19,70,el Besòs i el Maresme,10,Sant Martí,41.411656,2.218416,434678.029,4584751.178,05/06/2019,03/04/2020,OCI
4248,349706,C,Comte d'Urgell,155,09,la Nova Esquerra de l'Eixample,02,L'Eixample,41.387485,2.151347,429046.238,4582120.524,05/06/2019,03/04/2020,OBRES
4249,169409,G.V.,Corts Catalanes,891,65,el Clot,10,Sant Martí,41.408257,2.192991,432549.552,4584393.262,06/06/2019,26/06/2019,OBRES
4266,169409,G.V.,Corts Catalanes,891,65,el Clot,10,Sant Martí,41.408257,2.192991,432549.552,4584393.262,26/06/2019,30/11/2022,OBRES
4286,284305,Pl,Vila de Gràcia,13,31,la Vila de Gràcia,06,Gràcia,41.400380,2.157299,429557.814,4583547.226,10/07/2019,24/11/2021,OCI
4287,169409,G.V.,Corts Catalanes,875,65,el Clot,10,Sant Martí,41.407874,2.192481,432506.528,4584351.180,11/07/2019,13/05/2021,OBRES
4306,284101,Av,Rius i Taulet,5,11,el Poble Sec,03,Sants-Montjuïc,41.372475,2.153848,429239.113,4580452.011,15/07/2019,06/08/2019,ACTIVITATS A L'AIRE LLIURE
4326,282650,Av,Rio de Janeiro,11,45,Porta,08,Nou Barris,41.431450,2.181416,431606.430,4586977.230,22/07/2019,15/01/2020,ANIMALS
4346,278200,Av,Reina Maria Cristina,8,11,el Poble Sec,03,Sants-Montjuïc,41.371794,2.150782,428982.000,4580379.000,06/08/2019,21/09/2020,OCI
4366,96203,C,Chapí,66,43,Horta,07,Horta-Guinardó,41.431907,2.159929,429811.652,4587045.206,08/08/2019,16/10/2019,SUPERILLA
4367,308200,C,Sant Nicolau,12,15,Hostafrancs,03,Sants-Montjuïc,41.377464,2.144930,428498.791,4581013.286,08/08/2019,19/02/2020,SUPERILLA
4386,197302,C,Marina,155,05,el Fort Pienc,02,L'Eixample,41.398089,2.181526,431580.607,4583273.454,05/09/2019,15/10/2019,ÀREES DE JOC INFANTIL
4387,177101,Via,Laietana,16,04,"Sant Pere, Santa Caterina i la Ribera",01,Ciutat Vella,41.383288,2.179750,431416.605,4581631.729,05/09/2019,28/10/2019,TRÀNSIT
4388,74051,E.A.,Castell de Montjuïc,sn,11,el Poble Sec,03,Sants-Montjuïc,41.364142,2.165220,430181.185,4579517.743,05/09/2019,22/07/2020,"PARCS, PATIS INTERIOR D'ILLA I ZEPQA"
4406,43400,C,Blai,41,11,el Poble Sec,03,Sants-Montjuïc,41.374055,2.163579,430054.558,4580619.516,19/09/2019,31/07/2020,OCI
4426,161101,C,Independència,297,64,el Camp de l'Arpa del Clot,10,Sant Martí,41.408356,2.182525,431674.905,4584412.506,20/09/2019,23/07/2020,OBRES
4446,197302,C,Marina,155,05,el Fort Pienc,02,L'Eixample,41.398089,2.181526,431580.607,4583273.454,15/10/2019,16/09/2020,ÀREES DE JOC INFANTIL
4466,225500,C,Nàpols,238,06,la Sagrada Família,02,L'Eixample,41.401143,2.171896,430778.835,4583620.108,25/10/2019,23/07/2020,OBRES
4486,305507,C,Sant Joan de Malta,47,65,el Clot,10,Sant Martí,41.408748,2.192507,432509.631,4584448.169,12/11/2019,02/12/2020,ZONES PEATONALS
4506,170758,C,Josep Soldevila,13,60,Sant Andreu,09,Sant Andreu,41.428321,2.195281,432761.645,4586619.041,22/11/2019,04/03/2020,INFRASTRUCTURES FERROVIÀRIES
4526,296508,Rda,Sant Antoni,59,10,Sant Antoni,02,L'Eixample,41.384606,2.163802,430084.516,4581790.720,03/12/2019,25/01/2022,TRÀNSIT
4527,112208,C,Escudellers,48,02,el Barri Gòtic,01,Ciutat Vella,41.380390,2.177537,431228.473,4581311.696,03/12/2019,22/09/2020,OCI
4546,366400,Pl,Virreina,4,31,la Vila de Gràcia,06,Gràcia,41.405117,2.157312,429564.061,4584073.118,17/01/2020,29/09/2021,OCI
4566,158901,Pl,Osca,2,18,Sants,03,Sants-Montjuïc,41.376198,2.138527,427962.000,4580878.000,05/02/2020,09/08/2020,SUPERILLA
4586,169023,C,Jordi Girona,18,21,Pedralbes,04,Les Corts,41.387683,2.114689,425981.547,4582173.085,05/02/2020,01/07/2020,TRÀNSIT
4606,227800,C,Nicaragua,117,19,les Corts,04,Les Corts,41.386080,2.137380,427877.000,4581976.000,06/02/2020,23/07/2020,ANIMALS
4607,161101,C,Independència,261,65,el Clot,10,Sant Martí,41.406390,2.185133,431890.834,4584192.219,06/02/2020,29/01/2021,TRÀNSIT
4626,202402,Pl,Masadas,1,61,la Sagrera,09,Sant Andreu,41.424877,2.189826,432302.259,4586240.863,12/02/2020,30/01/2021,OCI
4646,86403,Pl,Concòrdia,7,19,les Corts,04,Les Corts,41.386486,2.132121,427437.693,4582025.479,17/02/2020,29/01/2021,OCI
4666,169409,G.V.,Corts Catalanes,755,05,el Fort Pienc,02,L'Eixample,41.401284,2.183707,431766.261,4583626.412,19/02/2020,30/01/2021,OBRES
4686,170758,C,Josep Soldevila,15,60,Sant Andreu,09,Sant Andreu,41.429049,2.195533,432783.463,4586699.629,04/03/2020,01/08/2020,INFRASTRUCTURES FERROVIÀRIES
4706,193403,Plta,Manuel Ribé,2,02,el Barri Gòtic,01,Ciutat Vella,41.382625,2.175450,431056.362,4581561.515,12/06/2020,30/01/2021,OCI
4726,349706,C,Comte d'Urgell,155,09,la Nova Esquerra de l'Eixample,02,L'Eixample,41.387485,2.151347,429046.238,4582120.524,17/06/2020,10/12/2020,OBRES
4786,326303,C,Sitges,5,01,el Raval,01,Ciutat Vella,41.384378,2.169670,430574.900,4581760.703,26/06/2020,19/04/2024,OCI
4806,266405,Rbla,Prim,19,70,el Besòs i el Maresme,10,Sant Martí,41.411656,2.218416,434678.029,4584751.178,07/07/2020,11/12/2020,OCI
4846,284804,C,Robador,31,01,el Raval,01,Ciutat Vella,41.379396,2.170909,430673.242,4581206.666,14/07/2020,,OCI
4866,352507,Pg,Vall d'Hebron,132,38,la Teixonera,07,Horta-Guinardó,41.423837,2.141760,428284.734,4586164.150,15/07/2020,,TRÀNSIT
4887,319206,C,Santes Creus,8,43,Horta,07,Horta-Guinardó,41.430238,2.162217,430001.000,4586858.000,29/07/2020,14/09/2022,OCI
4888,329505,C,Tajo,31,43,Horta,07,Horta-Guinardó,41.429785,2.162318,430008.932,4586807.657,29/07/2020,06/10/2022,OCI
4889,346800,Rbla,Poblenou,16,68,el Poblenou,10,Sant Martí,41.398314,2.204957,433539.551,4583280.239,30/07/2020,14/10/2021,OCI
4890,235300,Pl,Olles,4,04,"Sant Pere, Santa Caterina i la Ribera",01,Ciutat Vella,41.383731,2.183130,431699.641,4581678.226,30/07/2020,02/03/2022,OCI
4891,269006,C,Portal Nou,17,04,"Sant Pere, Santa Caterina i la Ribera",01,Ciutat Vella,41.388604,2.180647,431497.206,4582221.147,30/07/2020,02/03/2022,OCI
4892,195500,C,Margarit,52,11,el Poble Sec,03,Sants-Montjuïc,41.372563,2.163145,430016.708,4580454.272,30/07/2020,14/10/2021,OCI
4906,43400,C,Blai,41,11,el Poble Sec,03,Sants-Montjuïc,41.374055,2.163579,430054.558,4580619.516,04/08/2020,03/02/2021,OCI
4926,161101,C,Independència,297,64,el Camp de l'Arpa del Clot,10,Sant Martí,41.408356,2.182525,431674.905,4584412.506,05/08/2020,11/12/2020,OBRES
4946,194100,C,La Maquinista,2,03,la Barceloneta,01,Ciutat Vella,41.380438,2.187454,432057.743,4581309.258,21/07/2020,,OCI
4966,225500,C,Nàpols,238,06,la Sagrada Família,02,L'Eixample,41.401143,2.171896,430778.835,4583620.108,26/08/2020,10/12/2020,OBRES
4986,158901,Pl,Osca,2,18,Sants,03,Sants-Montjuïc,41.376198,2.138527,427962.000,4580878.000,03/09/2020,09/10/2020,SUPERILLA
5026,246000,C,Parlament,25,10,Sant Antoni,02,L'Eixample,41.376425,2.162425,429960.622,4580883.642,29/09/2020,06/10/2022,OCI
5027,87009,C,Comte Borrell,34,10,Sant Antoni,02,L'Eixample,41.376948,2.163438,430045.873,4580940.865,29/09/2020,06/10/2022,OCI
5029,323203,C,Sepúlveda,131,10,Sant Antoni,02,L'Eixample,41.381475,2.160105,429772.010,4581446.086,29/09/2020,02/02/2021,XARXA DE TRANSPORT PÚBLIC
5046,264206,C,Avenir,55,26,Galvany,05,Sarrià-Sant Gervasi,41.394591,2.144827,428508.923,4582914.797,30/09/2020,04/02/2021,PROVES
5066,112208,C,Escudellers,48,02,el Barri Gòtic,01,Ciutat Vella,41.380390,2.177537,431228.473,4581311.696,27/10/2020,10/10/2022,OCI
5086,21306,C,Arc del Teatre,5,01,el Raval,01,Ciutat Vella,41.378242,2.175112,431023.452,4581075.134,02/11/2020,15/11/2021,OCI
5106,96203,C,Chapí,66,43,Horta,07,Horta-Guinardó,41.431907,2.159929,429811.652,4587045.206,18/11/2020,06/10/2022,TRÀNSIT
5107,351901,Pg,Valldaura,24,43,Horta,07,Horta-Guinardó,41.437482,2.156005,429489.839,4587667.269,18/11/2020,11/11/2021,SUPERILLA
5108,701272,Jard,Mediterrània,1,13,la Marina de Port,03,Sants-Montjuïc,41.360031,2.140171,428081.675,4579081.761,18/11/2020,15/11/2021,OCI
5109,701272,Jard,Mediterrània,0,13,la Marina de Port,03,Sants-Montjuïc,41.359424,2.141027,428152.564,4579013.661,18/11/2020,,OCI
5126,161101,C,Independència,297,64,el Camp de l'Arpa del Clot,10,Sant Martí,41.408356,2.182525,431674.905,4584412.506,11/12/2020,13/05/2021,OBRES
5127,266405,Rbla,Prim,19,70,el Besòs i el Maresme,10,Sant Martí,41.411656,2.218416,434678.029,4584751.178,11/12/2020,10/03/2021,OCI
5128,225500,C,Nàpols,238,06,la Sagrada Família,02,L'Eixample,41.401143,2.171896,430778.835,4583620.108,10/12/2020,07/07/2021,OBRES
5129,349706,C,Comte d'Urgell,155,09,la Nova Esquerra de l'Eixample,02,L'Eixample,41.387485,2.151347,429046.238,4582120.524,10/12/2020,11/03/2021,OBRES
5130,158901,Pl,Osca,10,18,Sants,03,Sants-Montjuïc,41.376153,2.138468,427957.000,4580873.000,10/12/2020,02/09/2021,SUPERILLA
5186,249304,C,Pere IV,523,71,Provençals del Poblenou,10,Sant Martí,41.418244,2.209617,433949.261,4585489.202,20/11/2020,14/06/2022,TRÀNSIT
5187,143609,C,Josep Pla,163,71,Provençals del Poblenou,10,Sant Martí,41.415206,2.207165,433741.270,4585153.845,20/11/2020,,TRÀNSIT
5188,249304,C,Pere IV,416,71,Provençals del Poblenou,10,Sant Martí,41.412182,2.204888,433547.907,4584819.847,20/11/2020,01/09/2022,TRÀNSIT
5206,169409,G.V.,Corts Catalanes,755,05,el Fort Pienc,02,L'Eixample,41.401284,2.183707,431766.261,4583626.412,03/02/2021,09/03/2021,OBRES
5207,43400,C,Blai,41,11,el Poble Sec,03,Sants-Montjuïc,41.374055,2.163579,430054.558,4580619.516,03/02/2021,13/05/2021,OCI
5226,18505,C,Aragó,346,07,la Dreta de l'Eixample,02,L'Eixample,41.396322,2.170567,430662.643,4583085.947,03/02/2021,02/09/2021,TRÀNSIT
5246,86403,Pl,Concòrdia,7,19,les Corts,04,Les Corts,41.386486,2.132121,427437.693,4582025.479,04/02/2021,11/03/2021,OCI
5247,193403,Plta,Manuel Ribé,2,02,el Barri Gòtic,01,Ciutat Vella,41.382625,2.175450,431056.362,4581561.515,04/02/2021,20/10/2021,OCI
5266,208001,C,Torrent de l'Olla,218,31,la Vila de Gràcia,06,Gràcia,41.406216,2.152848,429192.067,4584198.701,04/03/2021,17/03/2021,PROVES
5286,169409,G.V.,Corts Catalanes,755,05,el Fort Pienc,02,L'Eixample,41.401284,2.183707,431766.261,4583626.412,09/03/2021,08/06/2021,OBRES
5306,350308,C,València,369,07,la Dreta de l'Eixample,02,L'Eixample,41.399072,2.171695,430759.837,4583390.357,09/03/2021,28/09/2021,TRÀNSIT
5326,266405,Rbla,Prim,19,70,el Besòs i el Maresme,10,Sant Martí,41.411656,2.218416,434678.029,4584751.178,10/03/2021,30/06/2022,OCI
5346,86403,Pl,Concòrdia,7,19,les Corts,04,Les Corts,41.386486,2.132121,427437.693,4582025.479,11/03/2021,,OCI
5347,348408,C,Tuset,8,26,Galvany,05,Sarrià-Sant Gervasi,41.395450,2.152753,429172.441,4583003.592,11/03/2021,02/10/2023,OCI
5386,361406,C,Viladomat,2,10,Sant Antoni,02,L'Eixample,41.375540,2.162880,429997.725,4580784.972,23/03/2021,20/09/2021,XARXA DE TRANSPORT PÚBLIC
5387,176801,C,Roger de Llúria,125,07,la Dreta de l'Eixample,02,L'Eixample,41.396810,2.163280,430054.000,4583146.000,23/03/2021,20/07/2021,PATIS D'ESCOLA
5406,43400,C,Blai,41,11,el Poble Sec,03,Sants-Montjuïc,41.374055,2.163579,430054.558,4580619.516,20/05/2021,02/09/2021,OCI
5426,177101,Via,Laietana,16,04,"Sant Pere, Santa Caterina i la Ribera",01,Ciutat Vella,41.383288,2.179750,431416.605,4581631.729,20/04/2021,15/06/2022,TRÀNSIT
5446,247659,C,Pau Claris,131,07,la Dreta de l'Eixample,02,L'Eixample,41.393091,2.166431,430313.436,4582730.666,20/04/2021,15/10/2021,TRÀNSIT
5466,125006,C,Fígols,20,19,les Corts,04,Les Corts,41.381608,2.130061,427260.073,4581485.715,29/04/2021,10/11/2021,TRÀNSIT
5486,179708,C,Lincoln,4,26,Galvany,05,Sarrià-Sant Gervasi,41.400139,2.150570,428995.103,4583525.962,29/04/2021,16/02/2022,TRÀNSIT
5506,167505,Pl,Joanic,7,31,la Vila de Gràcia,06,Gràcia,41.405521,2.162211,429973.940,4584113.950,29/04/2021,,OCI
5526,167505,Pl,Joanic,4,31,la Vila de Gràcia,06,Gràcia,41.405302,2.162306,429981.651,4584089.597,29/04/2021,17/09/2021,OCI
5527,274800,C,Ramón y Cajal,154,31,la Vila de Gràcia,06,Gràcia,41.405167,2.162768,430020.152,4584074.214,29/04/2021,21/09/2022,OCI
5528,112004,C,Escorial,12,32,el Camp d'en Grassot i Gràcia Nova,06,Gràcia,41.405534,2.163067,430045.512,4584114.742,29/04/2021,03/05/2023,OCI
5566,161101,C,Independència,297,64,el Camp de l'Arpa del Clot,10,Sant Martí,41.408356,2.182525,431674.905,4584412.506,13/05/2021,06/07/2021,OBRES
5586,209900,Av,Meridiana,194,65,el Clot,10,Sant Martí,41.413608,2.187111,432063.613,4584991.918,13/05/2021,15/06/2022,OBRES
5606,701704,Pl,Joan Pelegrí,1,15,Hostafrancs,03,Sants-Montjuïc,41.376316,2.142397,428285.732,4580887.915,27/05/2021,16/06/2022,ZONES PEATONALS
5626,358004,C,Vesuvi,35,52,la Prosperitat,08,Nou Barris,41.445836,2.185651,431975.315,4588571.027,03/06/2021,09/11/2021,TRÀNSIT
5646,209900,Av,Meridiana,97,65,el Clot,10,Sant Martí,41.406891,2.186659,432018.872,4584246.580,08/06/2021,,TRÀNSIT
5666,207202,C,Mejía Lequerica,22,20,la Maternitat i Sant Ramon,04,Les Corts,41.383306,2.126747,426984.839,4581676.930,15/06/2021,07/06/2022,"PARCS, PATIS INTERIOR D'ILLA I ZEPQA"
5686,310008,C,Sant Quintí,32,64,el Camp de l'Arpa del Clot,10,Sant Martí,41.413429,2.178230,431321.243,4584979.075,16/06/2021,13/11/2021,TRÀNSIT
5706,178400,C,Lleida,32,11,el Poble Sec,03,Sants-Montjuïc,41.373418,2.154793,429319.120,4580555.994,18/06/2021,21/09/2021,TRÀNSIT
5707,110803,C,Entença,155,09,la Nova Esquerra de l'Eixample,02,L'Eixample,41.383079,2.145831,428580.275,4581635.882,18/06/2021,19/10/2021,TRÀNSIT
5746,16703,C,Anglesola,29,19,les Corts,04,Les Corts,41.388368,2.133023,427515.261,4582233.720,29/06/2021,16/02/2022,TRÀNSIT
5766,329902,C,Tamarit,165,10,Sant Antoni,02,L'Eixample,41.378803,2.160936,429838.641,4581148.868,14/07/2021,,TRÀNSIT
5767,701326,Rbla,Fabra i Puig,76,60,Sant Andreu,09,Sant Andreu,41.430170,2.186124,431998.410,4586831.410,14/07/2021,27/08/2021,NETEJA
5768,296202,C,Gran de Sant Andreu,151,60,Sant Andreu,09,Sant Andreu,41.431997,2.189280,432264.080,4587031.839,14/07/2021,27/08/2021,NETEJA
5786,134801,C,Freser,7,64,el Camp de l'Arpa del Clot,10,Sant Martí,41.410032,2.179231,431401.332,4584601.133,21/07/2021,21/09/2021,ANIMALS
5806,110304,C,Enric Granados,143,08,l'Antiga Esquerra de l'Eixample,02,L'Eixample,41.394284,2.153715,429251.600,4582873.354,22/07/2021,12/05/2022,OCI
5807,110304,C,Enric Granados,30,08,l'Antiga Esquerra de l'Eixample,02,L'Eixample,41.390262,2.159182,429704.312,4582422.348,22/07/2021,02/05/2022,OCI
5847,158901,Pl,Osca,10,18,Sants,03,Sants-Montjuïc,41.376153,2.138468,427957.000,4580873.000,02/09/2021,10/11/2021,SUPERILLA
5867,43400,C,Blai,41,11,el Poble Sec,03,Sants-Montjuïc,41.374055,2.163579,430054.558,4580619.516,23/09/2021,02/03/2022,OCI
5869,10900,C,Pepe Rubianes,16,03,la Barceloneta,01,Ciutat Vella,41.378318,2.189727,432245.672,4581072.044,23/09/2021,02/05/2022,OCI
5886,208001,C,Torrent de l'Olla,218,31,la Vila de Gràcia,06,Gràcia,41.406216,2.152848,429192.067,4584198.701,30/09/2021,07/10/2021,PROVES
5926,307900,Pl,Sant Miquel,0,02,el Barri Gòtic,01,Ciutat Vella,41.381787,2.177176,431199.810,4581467.092,28/09/2021,09/06/2022,ZONES PEATONALS
5946,182702,C,Lluís Muntadas,9,25,la Bonanova,05,Sarrià-Sant Gervasi,41.416079,2.133190,427560.000,4585310.000,07/10/2021,25/11/2021,PATIS D'ESCOLA
5966,101700,C,Doctor Ferran,51,21,Pedralbes,04,Les Corts,41.390594,2.123365,426710.268,4582488.986,20/10/2021,13/01/2022,XARXA DE TRANSPORT PÚBLIC
5986,208001,C,Torrent de l'Olla,121,31,la Vila de Gràcia,06,Gràcia,41.402708,2.156512,429494.607,4583806.357,20/10/2021,07/10/2022,TRÀNSIT
6006,208001,C,Torrent de l'Olla,51,31,la Vila de Gràcia,06,Gràcia,41.400282,2.159417,429734.779,4583534.581,20/10/2021,07/10/2022,TRÀNSIT
6007,208001,C,Torrent de l'Olla,224,31,la Vila de Gràcia,06,Gràcia,41.406996,2.151799,429105.253,4584286.206,20/10/2021,20/04/2022,TRÀNSIT
6009,193403,Plta,Manuel Ribé,2,02,el Barri Gòtic,01,Ciutat Vella,41.382625,2.175450,431056.362,4581561.515,20/10/2021,02/03/2022,OCI
6026,366400,Pl,Virreina,4,31,la Vila de Gràcia,06,Gràcia,41.405117,2.157312,429564.061,4584073.118,22/10/2021,,OCI
6046,88001,C,Comtes de Bell-lloc,182,19,les Corts,04,Les Corts,41.383103,2.135674,427731.000,4581647.000,25/10/2021,16/11/2021,PATIS D'ESCOLA
6086,351901,Pg,Valldaura,24,43,Horta,07,Horta-Guinardó,41.437482,2.156005,429489.839,4587667.269,11/11/2021,16/06/2022,TRÀNSIT
6106,202402,Pl,Masadas,1,61,la Sagrera,09,Sant Andreu,41.424877,2.189826,432302.259,4586240.863,12/11/2021,04/10/2022,OCI
6107,11200,C,Pamplona,103,66,el Parc i la Llacuna del Poblenou,10,Sant Martí,41.397383,2.190215,432306.225,4583188.274,12/11/2021,15/06/2022,OCI
6127,158901,Pl,Osca,10,18,Sants,03,Sants-Montjuïc,41.376153,2.138468,427957.000,4580873.000,16/11/2021,12/05/2022,OCI
6146,88001,C,Comtes de Bell-lloc,182,19,les Corts,04,Les Corts,41.383103,2.135674,427731.000,4581647.000,16/11/2021,16/02/2022,PATIS D'ESCOLA
6166,350308,C,València,488,06,la Sagrada Família,02,L'Eixample,41.404079,2.178587,431341.232,4583940.816,18/11/2021,15/06/2022,TRÀNSIT
6186,110304,C,Enric Granados,11,08,l'Antiga Esquerra de l'Eixample,02,L'Eixample,41.387863,2.162356,429967.112,4582153.500,18/11/2021,27/10/2022,OCI
6187,110304,C,Enric Granados,65,08,l'Antiga Esquerra de l'Eixample,02,L'Eixample,41.391122,2.157903,429598.374,4582518.882,18/11/2021,27/10/2022,OCI
6207,152905,Rda,Guinardó,24,33,el Baix Guinardó,07,Horta-Guinardó,41.411885,2.163565,430093.916,4584819.398,22/11/2021,02/03/2022,PROVES
6226,167505,Pl,Joanic,2,31,la Vila de Gràcia,06,Gràcia,41.405174,2.162446,429993.208,4584075.309,22/11/2021,11/04/2023,OCI
6246,284305,Pl,Vila de Gràcia,13,31,la Vila de Gràcia,06,Gràcia,41.400380,2.157299,429557.814,4583547.226,24/11/2021,24/11/2022,OCI
6266,348805,Pl,Revolució de Setembre 1868,3,31,la Vila de Gràcia,06,Gràcia,41.402754,2.158158,429632.212,4583810.119,13/12/2021,,OCI
6286,193403,Plta,Manuel Ribé,1,02,el Barri Gòtic,01,Ciutat Vella,41.382724,2.175562,431065.838,4581572.349,14/12/2021,24/10/2022,OCI
6306,21306,C,Arc del Teatre,5,01,el Raval,01,Ciutat Vella,41.378242,2.175112,431023.452,4581075.134,23/12/2021,,OCI
6326,701272,Jard,Mediterrània,1,13,la Marina de Port,03,Sants-Montjuïc,41.360031,2.140171,428081.675,4579081.761,23/12/2021,01/06/2022,OCI
6346,296508,Rda,Sant Antoni,59,10,Sant Antoni,02,L'Eixample,41.384606,2.163802,430084.516,4581790.720,26/01/2022,,TRÀNSIT
6366,101700,C,Doctor Ferran,43,21,Pedralbes,04,Les Corts,41.390225,2.123948,426758.567,4582447.476,16/02/2022,02/05/2022,XARXA DE TRANSPORT PÚBLIC
6386,225306,C,Nau Santa Maria,3,19,les Corts,04,Les Corts,41.391245,2.131957,427429.327,4582554.008,16/02/2022,11/05/2022,OCI
6426,43400,C,Blai,41,11,el Poble Sec,03,Sants-Montjuïc,41.374055,2.163579,430054.558,4580619.516,02/03/2022,14/09/2022,OCI
6446,191204,C,Mallorca,236,07,la Dreta de l'Eixample,02,L'Eixample,41.392349,2.160681,429831.942,4582652.847,23/03/2022,18/01/2023,OBRES
6466,208001,C,Torrent de l'Olla,224,31,la Vila de Gràcia,06,Gràcia,41.406996,2.151799,429105.253,4584286.206,20/04/2022,13/07/2022,TRÀNSIT
6486,144306,C,Pi i Margall,29,32,el Camp d'en Grassot i Gràcia Nova,06,Gràcia,41.407714,2.163514,430085.239,4584356.352,20/04/2022,02/06/2022,TRÀNSIT
6487,144306,C,Pi i Margall,75,32,el Camp d'en Grassot i Gràcia Nova,06,Gràcia,41.410069,2.164116,430138.027,4584617.335,20/04/2022,02/06/2022,TRÀNSIT
6488,144306,C,Pi i Margall,110,33,el Baix Guinardó,07,Horta-Guinardó,41.411144,2.164644,430183.338,4584736.283,20/04/2022,07/06/2022,TRÀNSIT
6506,311500,C,Sant Vicenç,34,01,el Raval,01,Ciutat Vella,41.382246,2.164201,430115.399,4581528.454,26/04/2022,,OCI
6526,110304,C,Enric Granados,30,08,l'Antiga Esquerra de l'Eixample,02,L'Eixample,41.390262,2.159182,429704.312,4582422.348,02/05/2022,22/10/2022,OCI
6566,225306,C,Nau Santa Maria,3,19,les Corts,04,Les Corts,41.391245,2.131957,427429.327,4582554.008,11/05/2022,10/06/2022,OCI
6567,158901,Pl,Osca,10,18,Sants,03,Sants-Montjuïc,41.376153,2.138468,427957.000,4580873.000,12/05/2022,16/03/2023,OCI
6586,110304,C,Enric Granados,143,08,l'Antiga Esquerra de l'Eixample,02,L'Eixample,41.394284,2.153715,429251.600,4582873.354,12/05/2022,09/03/2023,OCI
6606,350308,C,València,275,07,la Dreta de l'Eixample,02,L'Eixample,41.394548,2.165680,430252.171,4582893.022,13/05/2022,,TRÀNSIT
6607,350308,C,València,291,07,la Dreta de l'Eixample,02,L'Eixample,41.395454,2.166879,430353.352,4582992.583,13/05/2022,,TRÀNSIT
6608,18505,C,Aragó,293,07,la Dreta de l'Eixample,02,L'Eixample,41.393943,2.167067,430367.518,4582824.672,13/05/2022,,TRÀNSIT
6626,169409,G.V.,Corts Catalanes,938,71,Provençals del Poblenou,10,Sant Martí,41.408956,2.194691,432692.361,4584469.613,01/06/2022,02/12/2022,OBRES
6646,346800,Rbla,Poblenou,105,68,el Poblenou,10,Sant Martí,41.402956,2.198718,433022.767,4583800.381,01/06/2022,,OCI
6647,701272,Jard,Mediterrània,1,13,la Marina de Port,03,Sants-Montjuïc,41.360031,2.140171,428081.675,4579081.761,01/06/2022,15/09/2022,OCI
6666,118703,C,Evarist Arnús,12,19,les Corts,04,Les Corts,41.382272,2.132179,427437.840,4581557.627,02/06/2022,03/05/2023,TRÀNSIT
6667,325005,C,Sicília,321,32,el Camp d'en Grassot i Gràcia Nova,06,Gràcia,41.405611,2.168071,430463.876,4584119.242,02/06/2022,15/06/2022,TRÀNSIT
6668,316106,Pl,Raspall,2,31,la Vila de Gràcia,06,Gràcia,41.401296,2.160819,429853.093,4583646.022,02/06/2022,,OCI
6669,270606,C,Puigmartí,37,31,la Vila de Gràcia,06,Gràcia,41.402882,2.161485,429910.401,4583821.624,02/06/2022,,OCI
6686,169409,G.V.,Corts Catalanes,755,05,el Fort Pienc,02,L'Eixample,41.401284,2.183707,431766.261,4583626.412,07/06/2022,06/10/2022,OBRES
6687,12906,C,Allada-Vermell,16,04,"Sant Pere, Santa Caterina i la Ribera",01,Ciutat Vella,41.386615,2.181148,431536.931,4581999.898,07/06/2022,,OCI
6688,87009,C,Comte Borrell,243,09,la Nova Esquerra de l'Eixample,02,L'Eixample,41.386853,2.150002,428933.163,4582051.453,07/06/2022,06/10/2022,TRÀNSIT
6689,43400,C,Blai,24,11,el Poble Sec,03,Sants-Montjuïc,41.373627,2.164696,430147.508,4580571.152,07/06/2022,,OCI
6690,86902,C,Nou de la Rambla,150,11,el Poble Sec,03,Sants-Montjuïc,41.372375,2.167267,430361.203,4580430.105,07/06/2022,,OCI
6706,86902,C,Nou de la Rambla,126,11,el Poble Sec,03,Sants-Montjuïc,41.373812,2.168759,430487.503,4580588.461,08/06/2022,22/12/2022,OCI
6726,110304,C,Enric Granados,17,08,l'Antiga Esquerra de l'Eixample,02,L'Eixample,41.388076,2.161931,429931.825,4582177.439,08/06/2022,30/05/2023,OCI
6727,323203,C,Sepúlveda,145,10,Sant Antoni,02,L'Eixample,41.382049,2.160721,429824.143,4581509.398,08/06/2022,,TRÀNSIT
6728,285807,C,Rocafort,237,09,la Nova Esquerra de l'Eixample,02,L'Eixample,41.385171,2.145425,428548.599,4581868.512,08/06/2022,,TRÀNSIT
6746,285807,C,Rocafort,114,09,la Nova Esquerra de l'Eixample,02,L'Eixample,41.380707,2.151667,429065.651,4581367.796,09/06/2022,12/04/2023,TRÀNSIT
6747,54509,C,Calàbria,147,09,la Nova Esquerra de l'Eixample,02,L'Eixample,41.381766,2.152195,429110.983,4581484.848,09/06/2022,,TRÀNSIT
6748,87009,C,Comte Borrell,154,09,la Nova Esquerra de l'Eixample,02,L'Eixample,41.382956,2.155291,429371.160,4581614.449,09/06/2022,30/05/2023,TRÀNSIT
6749,89004,C,Consell de Cent,214,08,l'Antiga Esquerra de l'Eixample,02,L'Eixample,41.385465,2.158462,429638.981,4581890.396,09/06/2022,30/05/2023,TRÀNSIT
6750,89004,C,Consell de Cent,238,08,l'Antiga Esquerra de l'Eixample,02,L'Eixample,41.386681,2.159927,429762.804,4582024.201,09/06/2022,30/05/2023,TRÀNSIT
6751,169409,G.V.,Corts Catalanes,579,08,l'Antiga Esquerra de l'Eixample,02,L'Eixample,41.385245,2.162565,429981.789,4581862.720,09/06/2022,,TRÀNSIT
6752,145003,C,Girona,115,07,la Dreta de l'Eixample,02,L'Eixample,41.397009,2.168144,430460.812,4583164.166,09/06/2022,01/06/2023,TRÀNSIT
6753,145003,C,Girona,72,07,la Dreta de l'Eixample,02,L'Eixample,41.395167,2.170906,430689.741,4582957.532,09/06/2022,30/11/2022,TRÀNSIT
6754,18505,C,Aragó,346,07,la Dreta de l'Eixample,02,L'Eixample,41.396322,2.170567,430662.643,4583085.947,09/06/2022,,TRÀNSIT
6755,169409,G.V.,Corts Catalanes,655,07,la Dreta de l'Eixample,02,L'Eixample,41.393179,2.173129,430873.464,4582735.011,09/06/2022,,TRÀNSIT
6756,197302,C,Marina,280,06,la Sagrada Família,02,L'Eixample,41.404484,2.174691,431015.981,4583988.863,09/06/2022,,TRÀNSIT
6757,325005,C,Sicília,179,05,el Fort Pienc,02,L'Eixample,41.399717,2.175849,431107.796,4583458.698,09/06/2022,14/05/2024,TRÀNSIT
6758,286504,C,Roger de Flor,233,32,el Camp d'en Grassot i Gràcia Nova,06,Gràcia,41.402223,2.168061,430459.417,4583743.175,09/06/2022,14/05/2024,TRÀNSIT
6759,268003,C,Provença,152,08,l'Antiga Esquerra de l'Eixample,02,L'Eixample,41.387742,2.152286,429125.060,4582148.264,09/06/2022,,TRÀNSIT
6760,110803,C,Entença,113,09,la Nova Esquerra de l'Eixample,02,L'Eixample,41.380908,2.148814,428827.359,4581392.379,09/06/2022,,TRÀNSIT
6766,11200,C,Almogàvers,83,66,el Parc i la Llacuna del Poblenou,10,Sant Martí,41.395389,2.187631,432088.117,4582968.930,14/06/2022,,OCI
6786,325005,C,Sicília,321,32,el Camp d'en Grassot i Gràcia Nova,06,Gràcia,41.405611,2.168071,430463.876,4584119.242,15/06/2022,14/05/2024,TRÀNSIT
6787,167709,C,Joaquín Costa,61,01,el Raval,01,Ciutat Vella,41.383704,2.164489,430141.025,4581690.070,15/06/2022,,OCI
6806,249304,C,Pere IV,71,66,el Parc i la Llacuna del Poblenou,10,Sant Martí,41.396728,2.192656,432509.612,4583113.664,14/06/2022,,OCI
6826,122609,C,Ferlandina,29,01,el Raval,01,Ciutat Vella,41.382523,2.166334,430294.012,4581557.467,16/06/2022,,OCI
6827,108958,Pl,Emili Vendrell,1,01,el Raval,01,Ciutat Vella,41.381315,2.166881,430338.484,4581422.853,16/06/2022,,OCI
6828,110304,C,Enric Granados,56,08,l'Antiga Esquerra de l'Eixample,02,L'Eixample,41.391591,2.157531,429567.753,4582571.296,16/06/2022,17/08/2022,OCI
6829,110304,C,Enric Granados,9,08,l'Antiga Esquerra de l'Eixample,02,L'Eixample,41.387709,2.162419,429972.211,4582136.335,16/06/2022,,OCI
6830,46409,Pg,Born,19,04,"Sant Pere, Santa Caterina i la Ribera",01,Ciutat Vella,41.384923,2.182773,431671.050,4581810.780,16/06/2022,01/07/2022,OCI
6831,132307,Pl,Fossar de les Moreres,2,04,"Sant Pere, Santa Caterina i la Ribera",01,Ciutat Vella,41.383543,2.182381,431636.877,4581657.896,16/06/2022,10/11/2022,OCI
6832,11109,C,Miquel Pedrola i Alegre,4,03,la Barceloneta,01,Ciutat Vella,41.378981,2.189689,432243.182,4581145.728,17/06/2022,,OCI
6833,276908,C,Rec,38,04,"Sant Pere, Santa Caterina i la Ribera",01,Ciutat Vella,41.384863,2.183054,431694.534,4581803.909,17/06/2022,15/09/2022,OCI
6834,112208,C,Escudellers,12,02,el Barri Gòtic,01,Ciutat Vella,41.379655,2.176373,431130.363,4581230.997,17/06/2022,28/09/2023,OCI
6835,18800,C,Arai,5,02,el Barri Gòtic,01,Ciutat Vella,41.380671,2.177121,431194.047,4581343.177,17/06/2022,12/05/2023,OCI
6846,286300,C,Rogent,42,64,el Camp de l'Arpa del Clot,10,Sant Martí,41.409339,2.184632,431852.000,4584520.000,23/06/2022,18/05/2023,OCI
6886,65607,C,Carders,36,04,"Sant Pere, Santa Caterina i la Ribera",01,Ciutat Vella,41.387076,2.180426,431477.078,4582051.709,01/07/2022,,OCI
6887,128900,C,Fonollar,4,04,"Sant Pere, Santa Caterina i la Ribera",01,Ciutat Vella,41.386697,2.179945,431436.514,4582009.973,01/07/2022,,OCI
6888,335803,C,Tigre,16,01,el Raval,01,Ciutat Vella,41.382590,2.164454,430136.865,4581566.431,01/07/2022,,OCI
6889,242407,C,Paloma,16,01,el Raval,01,Ciutat Vella,41.382375,2.164968,430179.626,4581542.160,01/07/2022,,OCI
6890,12906,C,Allada-Vermell,16,04,"Sant Pere, Santa Caterina i la Ribera",01,Ciutat Vella,41.386615,2.181148,431536.931,4581999.898,01/07/2022,15/07/2022,OCI
6906,266405,Rbla,Prim,19,70,el Besòs i el Maresme,10,Sant Martí,41.411656,2.218416,434678.029,4584751.178,05/07/2022,,OCI
6926,208001,C,Torrent de l'Olla,224,31,la Vila de Gràcia,06,Gràcia,41.406996,2.151799,429105.253,4584286.206,13/07/2022,,TRÀNSIT
6966,326904,Pl,Sol,2,31,la Vila de Gràcia,06,Gràcia,41.401519,2.156852,429521.701,4583674.030,13/07/2022,19/09/2022,OCI
6967,167505,Pl,Joanic,7,31,la Vila de Gràcia,06,Gràcia,41.405521,2.162211,429973.940,4584113.950,15/07/2022,02/08/2022,OCI
6986,167505,Pl,Joanic,4,31,la Vila de Gràcia,06,Gràcia,41.405302,2.162306,429981.651,4584089.597,04/08/2022,21/10/2022,OCI
7006,110304,C,Enric Granados,56,08,l'Antiga Esquerra de l'Eixample,02,L'Eixample,41.391591,2.157531,429567.753,4582571.296,17/08/2022,11/07/2023,OCI
7026,348805,Pl,Revolució de Setembre 1868,3,31,la Vila de Gràcia,06,Gràcia,41.402754,2.158158,429632.212,4583810.119,02/08/2022,19/09/2022,OCI
7027,208001,C,Torrent de l'Olla,218,31,la Vila de Gràcia,06,Gràcia,41.406216,2.152848,429192.067,4584198.701,17/08/2022,30/08/2022,PROVES
7046,350308,C,València,488,06,la Sagrada Família,02,L'Eixample,41.404079,2.178587,431341.232,4583940.816,30/08/2022,,TRÀNSIT
7066,249304,C,Pere IV,71,66,el Parc i la Llacuna del Poblenou,10,Sant Martí,41.396728,2.192656,432509.612,4583113.664,14/09/2022,24/10/2022,OCI
7067,43400,C,Blai,41,11,el Poble Sec,03,Sants-Montjuïc,41.374055,2.163579,430054.558,4580619.516,14/09/2022,22/11/2022,OCI
7086,276908,C,Rec,38,04,"Sant Pere, Santa Caterina i la Ribera",01,Ciutat Vella,41.384863,2.183054,431694.534,4581803.909,15/09/2022,11/01/2023,OCI
7106,701272,Jard,Mediterrània,1,13,la Marina de Port,03,Sants-Montjuïc,41.360031,2.140171,428081.675,4579081.761,15/09/2022,,OCI
7126,319206,C,Santes Creus,8,43,Horta,07,Horta-Guinardó,41.430238,2.162217,430001.000,4586858.000,14/09/2022,06/10/2022,OCI
7146,167505,Pl,Joanic,2,31,la Vila de Gràcia,06,Gràcia,41.405174,2.162446,429993.208,4584075.309,19/09/2022,21/10/2022,OCI
7147,236700,C,Or,10,31,la Vila de Gràcia,06,Gràcia,41.403978,2.156015,429454.426,4583947.753,19/09/2022,04/10/2022,OCI
7166,351901,Pg,Valldaura,24,43,Horta,07,Horta-Guinardó,41.437482,2.156005,429489.839,4587667.269,22/09/2022,15/05/2024,TRÀNSIT
7167,102703,C,Doctor Letamendi,62,43,Horta,07,Horta-Guinardó,41.436628,2.161216,429924.266,4587568.258,22/09/2022,10/05/2023,PATIS D'ESCOLA
7168,50009,C,Bruniquer,45,31,la Vila de Gràcia,06,Gràcia,41.405337,2.161688,429930.018,4584093.934,22/09/2022,,OCI
7169,50009,C,Bruniquer,45,31,la Vila de Gràcia,06,Gràcia,41.405337,2.161688,429930.018,4584093.934,22/09/2022,19/10/2022,OCI
7170,344101,Trav,Gràcia,206,31,la Vila de Gràcia,06,Gràcia,41.403224,2.160884,429860.549,4583860.042,22/09/2022,,TRÀNSIT
7186,202402,Pl,Masadas,1,61,la Sagrera,09,Sant Andreu,41.424877,2.189826,432302.259,4586240.863,04/10/2022,,OCI
7187,253902,C,Perú,259,71,Provençals del Poblenou,10,Sant Martí,41.414202,2.203527,433436.180,4585045.207,04/10/2022,03/05/2023,TRÀNSIT
7188,11200,C,Almogàvers,115,66,el Parc i la Llacuna del Poblenou,10,Sant Martí,41.396696,2.189413,432238.432,4583112.595,04/10/2022,,OCI
7189,243206,C,Pamplona,84,66,el Parc i la Llacuna del Poblenou,10,Sant Martí,41.396549,2.191779,432436.075,4583094.469,04/10/2022,17/10/2022,OCI
7226,87009,C,Comte Borrell,243,09,la Nova Esquerra de l'Eixample,02,L'Eixample,41.386853,2.150002,428933.163,4582051.453,06/10/2022,,TRÀNSIT
7286,112208,C,Escudellers,48,02,el Barri Gòtic,01,Ciutat Vella,41.380390,2.177537,431228.473,4581311.696,14/10/2022,28/09/2023,OCI
7306,112004,C,Escorial,14,32,el Camp d'en Grassot i Gràcia Nova,06,Gràcia,41.406000,2.162636,430009.978,4584166.848,19/10/2022,,OCI
7307,112004,C,Escorial,14,32,el Camp d'en Grassot i Gràcia Nova,06,Gràcia,41.406000,2.162636,430009.978,4584166.848,19/10/2022,11/11/2022,OCI
7326,243206,C,Pamplona,84,66,el Parc i la Llacuna del Poblenou,10,Sant Martí,41.396549,2.191779,432436.075,4583094.469,21/10/2022,19/03/2024,OCI
7327,193403,Plta,Manuel Ribé,1,02,el Barri Gòtic,01,Ciutat Vella,41.382724,2.175562,431065.838,4581572.349,24/10/2022,10/05/2023,OCI
7328,167505,Pl,Joanic,4,31,la Vila de Gràcia,06,Gràcia,41.405302,2.162306,429981.651,4584089.597,21/10/2022,11/04/2023,OCI
7346,110304,C,Enric Granados,30,08,l'Antiga Esquerra de l'Eixample,02,L'Eixample,41.390262,2.159182,429704.312,4582422.348,27/10/2022,02/10/2023,OCI
7366,110304,C,Enric Granados,13,08,l'Antiga Esquerra de l'Eixample,02,L'Eixample,41.387891,2.162178,429952.273,4582156.721,27/10/2022,,OCI
7367,110304,C,Enric Granados,65,08,l'Antiga Esquerra de l'Eixample,02,L'Eixample,41.391122,2.157903,429598.374,4582518.882,27/10/2022,10/05/2023,OCI
7406,217603,Plta,Montcada,6,04,"Sant Pere, Santa Caterina i la Ribera",01,Ciutat Vella,41.384407,2.181970,431603.366,4581754.130,10/11/2022,04/06/2024,OCI
7426,224904,Pg,Joan Borbó Comte Barcelona,23,03,la Barceloneta,01,Ciutat Vella,41.379483,2.187732,432080.000,4581203.000,11/11/2022,15/01/2024,OCI
7446,11200,C,Almogàvers,115,66,el Parc i la Llacuna del Poblenou,10,Sant Martí,41.396696,2.189413,432238.432,4583112.595,11/11/2022,22/12/2022,OCI
7466,329505,C,Tajo,31,43,Horta,07,Horta-Guinardó,41.429785,2.162318,430008.932,4586807.657,18/11/2022,,OCI
7486,43400,C,Blai,41,11,el Poble Sec,03,Sants-Montjuïc,41.374055,2.163579,430054.558,4580619.516,22/11/2022,22/12/2022,OCI
7506,284305,Pl,Vila de Gràcia,11,31,la Vila de Gràcia,06,Gràcia,41.400471,2.157441,429569.794,4583557.156,24/11/2022,,OCI
7526,332805,C,Telègraf,54,35,el Guinardó,07,Horta-Guinardó,41.417434,2.172828,430874.000,4585428.000,24/11/2022,09/05/2023,PATIS D'ESCOLA
7546,249304,C,Pere IV,416,71,Provençals del Poblenou,10,Sant Martí,41.412182,2.204888,433547.907,4584819.847,01/09/2022,,OBRES
7566,169409,G.V.,Corts Catalanes,938,71,Provençals del Poblenou,10,Sant Martí,41.408956,2.194691,432692.361,4584469.613,02/12/2022,,OBRES
7567,169409,G.V.,Corts Catalanes,769,05,el Fort Pienc,02,L'Eixample,41.402124,2.184799,431858.456,4583718.788,02/12/2022,,TRÀNSIT
7568,208001,C,Torrent de l'Olla,121,31,la Vila de Gràcia,06,Gràcia,41.402708,2.156512,429494.607,4583806.357,02/12/2022,,TRÀNSIT
7571,169409,G.V.,Corts Catalanes,755,05,el Fort Pienc,02,L'Eixample,41.401284,2.183707,431766.261,4583626.412,02/12/2022,,OBRES
7573,208001,C,Torrent de l'Olla,51,31,la Vila de Gràcia,06,Gràcia,41.400282,2.159417,429734.779,4583534.581,02/12/2022,,TRÀNSIT
7575,87009,C,Comte Borrell,34,10,Sant Antoni,02,L'Eixample,41.376948,2.163438,430045.873,4580940.865,02/12/2022,20/09/2023,OCI
7576,96203,C,Chapí,66,43,Horta,07,Horta-Guinardó,41.431907,2.159929,429811.652,4587045.206,02/12/2022,,TRÀNSIT
7586,43400,C,Blai,41,11,el Poble Sec,03,Sants-Montjuïc,41.374055,2.163579,430054.558,4580619.516,22/12/2022,16/03/2023,OCI
7587,348408,C,Tuset,8,26,Galvany,05,Sarrià-Sant Gervasi,41.395450,2.152753,429172.441,4583003.592,22/12/2022,14/02/2023,OCI
7588,86902,C,Nou de la Rambla,126,11,el Poble Sec,03,Sants-Montjuïc,41.373812,2.168759,430487.503,4580588.461,22/12/2022,,OCI
7606,191204,C,Mallorca,593,64,el Camp de l'Arpa del Clot,10,Sant Martí,41.411269,2.185694,431942.746,4584733.408,22/12/2022,12/01/2023,TRÀNSIT
7626,276908,C,Rec,38,04,"Sant Pere, Santa Caterina i la Ribera",01,Ciutat Vella,41.384863,2.183054,431694.534,4581803.909,11/01/2023,19/07/2023,OCI
7646,191204,C,Mallorca,593,64,el Camp de l'Arpa del Clot,10,Sant Martí,41.411269,2.185694,431942.746,4584733.408,12/01/2023,,TRÀNSIT
7686,44709,Pg,Bonanova,70,25,la Bonanova,05,Sarrià-Sant Gervasi,41.402534,2.125987,426942.834,4583812.312,19/01/2023,,TRÀNSIT
7687,145003,C,Girona,72,07,la Dreta de l'Eixample,02,L'Eixample,41.395167,2.170906,430689.741,4582957.532,19/01/2023,18/05/2023,TRÀNSIT
7706,346402,C,Trinxant,39,64,el Camp de l'Arpa del Clot,10,Sant Martí,41.414415,2.185702,431946.751,4585082.696,08/02/2023,16/05/2023,XARXA DE TRANSPORT PÚBLIC
7726,23403,C,Aribau,191,26,Galvany,05,Sarrià-Sant Gervasi,41.395232,2.150139,428953.720,4582981.540,14/02/2023,02/10/2023,OCI
7727,344101,Trav,Gràcia,54,26,Galvany,05,Sarrià-Sant Gervasi,41.395973,2.149557,428905.850,4583064.297,14/02/2023,02/10/2023,OCI
7728,222501,C,Moià,8,26,Galvany,05,Sarrià-Sant Gervasi,41.395167,2.151700,429084.170,4582973.085,14/02/2023,02/10/2023,OCI
7729,348408,C,Tuset,30,26,Galvany,05,Sarrià-Sant Gervasi,41.396326,2.151525,429070.751,4583101.874,14/02/2023,10/11/2023,OCI
7746,292507,C,Gran de la Sagrera,58,61,la Sagrera,09,Sant Andreu,41.422315,2.191220,432416.114,4585955.434,01/03/2023,,TRÀNSIT
7766,209900,Av,Meridiana,630,60,Sant Andreu,09,Sant Andreu,41.445480,2.187581,432136.106,4588530.018,09/03/2023,12/07/2023,ANIMALS
7767,319206,C,Santes Creus,8,43,Horta,07,Horta-Guinardó,41.430238,2.162217,430001.000,4586858.000,09/03/2023,,OCI
7768,110304,C,Enric Granados,143,08,l'Antiga Esquerra de l'Eixample,02,L'Eixample,41.394284,2.153715,429251.600,4582873.354,09/03/2023,,OCI
7786,224904,Pg,Joan Borbó Comte Barcelona,69,03,la Barceloneta,01,Ciutat Vella,41.375863,2.189128,432193.000,4580800.000,15/03/2023,,OCI
7806,246000,C,Parlament,25,10,Sant Antoni,02,L'Eixample,41.376425,2.162425,429960.622,4580883.642,15/03/2023,,OCI
7826,43400,C,Blai,42,11,el Poble Sec,03,Sants-Montjuïc,41.374104,2.163451,430043.944,4580625.072,16/03/2023,10/05/2023,OCI
7846,158901,Pl,Osca,10,18,Sants,03,Sants-Montjuïc,41.376153,2.138468,427957.000,4580873.000,16/03/2023,13/07/2023,OCI
7886,176801,C,Roger de Llúria,125,07,la Dreta de l'Eixample,02,L'Eixample,41.396810,2.163280,430054.000,4583146.000,12/04/2023,12/01/2024,PATIS D'ESCOLA
7926,225306,C,Nau Santa Maria,3,19,les Corts,04,Les Corts,41.391245,2.131957,427429.327,4582554.008,12/04/2023,09/05/2023,OCI
7968,128106,C,Fluvià,92,71,Provençals del Poblenou,10,Sant Martí,41.409180,2.205050,433558.351,4584486.489,19/04/2023,,ZONES PEATONALS
7986,167505,Pl,Joanic,2,31,la Vila de Gràcia,06,Gràcia,41.405174,2.162446,429993.208,4584075.309,26/04/2023,,OCI
7987,167505,Pl,Joanic,4,31,la Vila de Gràcia,06,Gràcia,41.405302,2.162306,429981.651,4584089.597,26/04/2023,03/05/2023,OCI
8006,167505,Pl,Joanic,4,31,la Vila de Gràcia,06,Gràcia,41.405302,2.162306,429981.651,4584089.597,03/05/2023,,OCI
8026,225306,C,Nau Santa Maria,3,19,les Corts,04,Les Corts,41.391245,2.131957,427429.327,4582554.008,09/05/2023,11/10/2023,OCI
8027,336806,Rier,Can Toda,35,30,la Salut,06,Gràcia,41.414354,2.156737,429526.000,4585099.000,09/05/2023,04/07/2023,PATIS D'ESCOLA
8047,43400,C,Blai,42,11,el Poble Sec,03,Sants-Montjuïc,41.374104,2.163451,430043.944,4580625.072,10/05/2023,16/05/2023,OCI
8048,193403,Plta,Manuel Ribé,1,02,el Barri Gòtic,01,Ciutat Vella,41.382724,2.175562,431065.838,4581572.349,10/05/2023,,OCI
8049,110304,C,Enric Granados,65,08,l'Antiga Esquerra de l'Eixample,02,L'Eixample,41.391122,2.157903,429598.374,4582518.882,10/05/2023,,OCI
8066,18800,C,Arai,5,02,el Barri Gòtic,01,Ciutat Vella,41.380671,2.177121,431194.047,4581343.177,12/05/2023,10/11/2023,OCI
8067,169409,G.V.,Corts Catalanes,891,65,el Clot,10,Sant Martí,41.408257,2.192991,432549.552,4584393.262,12/05/2023,14/06/2023,OBRES
8086,274200,C,Ana María Matute Ausejo,25,30,la Salut,06,Gràcia,41.414908,2.157376,429580.000,4585160.000,17/05/2023,10/10/2023,ACTIVITATS / INFRASTRUCTURES ESPORTIVES
8106,43400,C,Blai,42,11,el Poble Sec,03,Sants-Montjuïc,41.374104,2.163451,430043.944,4580625.072,16/05/2023,22/12/2023,OCI
8126,227800,C,Nicaragua,84,19,les Corts,04,Les Corts,41.384667,2.139603,428061.299,4581817.316,22/05/2023,21/06/2023,OCI
8146,169409,G.V.,Corts Catalanes,891,65,el Clot,10,Sant Martí,41.408257,2.192991,432549.552,4584393.262,14/06/2023,,OBRES
8166,227800,C,Nicaragua,84,19,les Corts,04,Les Corts,41.384667,2.139603,428061.299,4581817.316,21/06/2023,10/10/2023,OCI
8186,275803,C,Rauric,18,02,el Barri Gòtic,01,Ciutat Vella,41.380815,2.175535,431061.582,4581360.479,21/06/2023,09/05/2024,OCI
8187,29400,C,Avinyó,11,02,el Barri Gòtic,01,Ciutat Vella,41.381220,2.176591,431150.258,4581404.633,21/06/2023,,OCI
8206,89004,C,Consell de Cent,214,08,l'Antiga Esquerra de l'Eixample,02,L'Eixample,41.385465,2.158462,429638.981,4581890.396,21/06/2023,,ZONES PEATONALS
8207,145003,C,Girona,118,07,la Dreta de l'Eixample,02,L'Eixample,41.397050,2.168293,430473.265,4583168.599,21/06/2023,,ZONES PEATONALS
8208,89004,C,Consell de Cent,238,08,l'Antiga Esquerra de l'Eixample,02,L'Eixample,41.386681,2.159927,429762.804,4582024.201,21/06/2023,,ZONES PEATONALS
8226,700813,C,Doctor Aiguader,15,04,"Sant Pere, Santa Caterina i la Ribera",01,Ciutat Vella,41.382778,2.186869,432011.304,4581569.481,04/07/2023,10/10/2023,TRÀNSIT
8246,34308,C,Rambla,100,02,el Barri Gòtic,01,Ciutat Vella,41.382284,2.172392,430800.314,4581526.105,04/07/2023,27/10/2023,OCI
8247,285807,C,Rocafort,114,09,la Nova Esquerra de l'Eixample,02,L'Eixample,41.380707,2.151667,429065.651,4581367.796,04/07/2023,,ZONES PEATONALS
8266,110304,C,Enric Granados,56,08,l'Antiga Esquerra de l'Eixample,02,L'Eixample,41.391591,2.157531,429567.753,4582571.296,13/07/2023,,OCI
8267,158901,Pl,Osca,10,18,Sants,03,Sants-Montjuïc,41.376153,2.138468,427957.000,4580873.000,13/07/2023,27/12/2023,OCI
8286,701367,Rbla,Raval,14,01,el Raval,01,Ciutat Vella,41.378331,2.169393,430545.319,4581089.628,13/07/2023,15/09/2023,OCI
8287,701367,Rbla,Raval,15,01,el Raval,01,Ciutat Vella,41.379147,2.169179,430528.292,4581180.335,13/07/2023,15/09/2023,OCI
8306,276908,C,Rec,38,04,"Sant Pere, Santa Caterina i la Ribera",01,Ciutat Vella,41.384863,2.183054,431694.534,4581803.909,19/07/2023,21/02/2024,OCI
8326,326904,Pl,Sol,2,31,la Vila de Gràcia,06,Gràcia,41.401519,2.156852,429521.701,4583674.030,04/08/2023,03/11/2023,OCI
8346,87009,C,Comte Borrell,154,09,la Nova Esquerra de l'Eixample,02,L'Eixample,41.382956,2.155291,429371.160,4581614.449,18/08/2023,,ZONES PEATONALS
8347,110304,C,Enric Granados,17,08,l'Antiga Esquerra de l'Eixample,02,L'Eixample,41.388076,2.161931,429931.825,4582177.439,18/08/2023,,OCI
8348,145003,C,Girona,72,07,la Dreta de l'Eixample,02,L'Eixample,41.395167,2.170906,430689.741,4582957.532,18/08/2023,,ZONES PEATONALS
8366,204204,C,Mata,8,11,el Poble Sec,03,Sants-Montjuïc,41.373264,2.170733,430652.000,4580526.000,05/09/2023,10/10/2023,PATIS D'ESCOLA
8386,87009,C,Comte Borrell,34,10,Sant Antoni,02,L'Eixample,41.376948,2.163438,430045.873,4580940.865,20/09/2023,27/09/2023,OCI
8406,26605,C,Artesania,102,51,Verdun,08,Nou Barris,41.443026,2.172050,430836.203,4588269.877,20/09/2023,10/10/2023,XARXA DE TRANSPORT PÚBLIC
8426,87009,C,Comte Borrell,34,10,Sant Antoni,02,L'Eixample,41.376948,2.163438,430045.873,4580940.865,27/09/2023,03/11/2023,OCI
8427,112208,C,Escudellers,34,02,el Barri Gòtic,01,Ciutat Vella,41.380128,2.176933,431177.722,4581283.046,29/09/2023,05/10/2023,OCI
8428,243206,C,Pamplona,84,66,el Parc i la Llacuna del Poblenou,10,Sant Martí,41.396549,2.191779,432436.075,4583094.469,29/09/2023,19/03/2024,OCI
8446,110304,C,Enric Granados,30,08,l'Antiga Esquerra de l'Eixample,02,L'Eixample,41.390262,2.159182,429704.312,4582422.348,02/10/2023,,OCI
8466,112208,C,Escudellers,34,02,el Barri Gòtic,01,Ciutat Vella,41.380128,2.176933,431177.722,4581283.046,06/10/2023,15/11/2023,OCI
8467,112208,C,Escudellers,34,02,el Barri Gòtic,01,Ciutat Vella,41.380128,2.176933,431177.722,4581283.046,05/10/2023,27/10/2023,OCI
8468,112208,C,Escudellers,48,02,el Barri Gòtic,01,Ciutat Vella,41.380390,2.177537,431228.473,4581311.696,05/10/2023,,OCI
8469,112208,C,Escudellers,12,02,el Barri Gòtic,01,Ciutat Vella,41.379655,2.176373,431130.363,4581230.997,05/10/2023,,OCI
8486,23403,C,Aribau,191,26,Galvany,05,Sarrià-Sant Gervasi,41.395232,2.150139,428953.720,4582981.540,06/10/2023,07/03/2024,OCI
8487,344101,Trav,Gràcia,54,26,Galvany,05,Sarrià-Sant Gervasi,41.395973,2.149557,428905.850,4583064.297,06/10/2023,,OCI
8488,348408,C,Tuset,8,26,Galvany,05,Sarrià-Sant Gervasi,41.395450,2.152753,429172.441,4583003.592,06/10/2023,,OCI
8489,222501,C,Moià,8,26,Galvany,05,Sarrià-Sant Gervasi,41.395167,2.151700,429084.170,4582973.085,06/10/2023,,OCI
8506,222501,C,Moià,8,26,Galvany,05,Sarrià-Sant Gervasi,41.395167,2.151700,429084.170,4582973.085,11/10/2023,11/01/2024,OCI
8526,348408,C,Tuset,8,26,Galvany,05,Sarrià-Sant Gervasi,41.395450,2.152753,429172.441,4583003.592,11/10/2023,27/12/2023,OCI
8546,23403,C,Aribau,191,26,Galvany,05,Sarrià-Sant Gervasi,41.395232,2.150139,428953.720,4582981.540,11/10/2023,15/11/2023,OCI
8547,344101,Trav,Gràcia,54,26,Galvany,05,Sarrià-Sant Gervasi,41.395973,2.149557,428905.850,4583064.297,11/10/2023,08/01/2024,OCI
8566,31300,C,Bailèn,2,07,la Dreta de l'Eixample,02,L'Eixample,41.391264,2.178190,431294.563,4582518.432,20/10/2023,10/11/2023,NETEJA
8586,241404,C,Palaudàries,11,11,el Poble Sec,03,Sants-Montjuïc,41.373915,2.172816,430826.879,4580596.661,27/10/2023,05/03/2024,OBRES
8587,112208,C,Escudellers,34,02,el Barri Gòtic,01,Ciutat Vella,41.380128,2.176933,431177.722,4581283.046,27/10/2023,,OCI
8606,87009,C,Comte Borrell,34,10,Sant Antoni,02,L'Eixample,41.376948,2.163438,430045.873,4580940.865,03/11/2023,,OCI
8626,348408,C,Tuset,30,26,Galvany,05,Sarrià-Sant Gervasi,41.396326,2.151525,429070.751,4583101.874,10/11/2023,27/12/2023,OCI
8627,18800,C,Arai,5,02,el Barri Gòtic,01,Ciutat Vella,41.380671,2.177121,431194.047,4581343.177,10/11/2023,,OCI
8646,23403,C,Aribau,191,26,Galvany,05,Sarrià-Sant Gervasi,41.395232,2.150139,428953.720,4582981.540,15/11/2023,11/01/2024,OCI
8666,23403,C,Aribau,255,26,Galvany,05,Sarrià-Sant Gervasi,41.398682,2.146211,428629.139,4583367.769,28/11/2023,22/12/2023,NETEJA
8667,332805,C,Telègraf,54,35,el Guinardó,07,Horta-Guinardó,41.417434,2.172828,430874.000,4585428.000,28/11/2023,05/03/2024,PATIS D'ESCOLA
8686,311703,C,Sancho de Ávila,25,66,el Parc i la Llacuna del Poblenou,10,Sant Martí,41.397730,2.188584,432170.266,4583228.068,30/11/2023,09/05/2024,OCI
8706,242906,C,Pallars,73,66,el Parc i la Llacuna del Poblenou,10,Sant Martí,41.394624,2.188781,432183.451,4582883.039,14/12/2023,,OCI
8726,243206,C,Pamplona,125,66,el Parc i la Llacuna del Poblenou,10,Sant Martí,41.398789,2.188428,432158.307,4583345.756,14/12/2023,21/12/2023,OCI
8727,11200,C,Pamplona,103,66,el Parc i la Llacuna del Poblenou,10,Sant Martí,41.397383,2.190215,432306.225,4583188.274,14/12/2023,,OCI
8746,43400,C,Blai,42,11,el Poble Sec,03,Sants-Montjuïc,41.374104,2.163451,430043.944,4580625.072,21/12/2023,,OCI
8747,243206,C,Pamplona,125,66,el Parc i la Llacuna del Poblenou,10,Sant Martí,41.398789,2.188428,432158.307,4583345.756,21/12/2023,05/03/2024,OCI
8766,348408,C,Tuset,30,26,Galvany,05,Sarrià-Sant Gervasi,41.396326,2.151525,429070.751,4583101.874,27/12/2023,07/03/2024,OCI
8768,348805,Pl,Revolució de Setembre 1868,3,31,la Vila de Gràcia,06,Gràcia,41.402754,2.158158,429632.212,4583810.119,27/12/2023,07/02/2024,OCI
8786,152905,Rda,Guinardó,88,33,el Baix Guinardó,07,Horta-Guinardó,41.413591,2.170497,430675.162,4585003.241,08/01/2024,29/02/2024,TRÀNSIT
8787,68900,C,Cartagena,375,33,el Baix Guinardó,07,Horta-Guinardó,41.413627,2.171014,430718.340,4585006.875,08/01/2024,15/01/2024,TRÀNSIT
8826,336806,Rier,Can Toda,35,30,la Salut,06,Gràcia,41.414354,2.156737,429526.000,4585099.000,12/01/2024,16/02/2024,PATIS D'ESCOLA
8846,336806,Rier,Can Toda,33,30,la Salut,06,Gràcia,41.414220,2.156943,429543.000,4585084.000,12/01/2024,16/02/2024,PATIS D'ESCOLA
8866,158901,Pl,Osca,10,18,Sants,03,Sants-Montjuïc,41.376153,2.138468,427957.000,4580873.000,12/01/2024,14/03/2024,OCI
8886,68900,C,Cartagena,375,33,el Baix Guinardó,07,Horta-Guinardó,41.413627,2.171014,430718.340,4585006.875,15/01/2024,05/03/2024,TRÀNSIT
8906,701367,Rbla,Raval,15,01,el Raval,01,Ciutat Vella,41.379147,2.169179,430528.292,4581180.335,18/01/2024,,OCI
8907,34308,C,Rambla,113,01,el Raval,01,Ciutat Vella,41.384115,2.170879,430675.737,4581730.560,18/01/2024,,OCI
8908,34308,C,Rambla,100,02,el Barri Gòtic,01,Ciutat Vella,41.382284,2.172392,430800.314,4581526.105,18/01/2024,,OCI
8909,34308,C,Rambla,61,01,el Raval,01,Ciutat Vella,41.380616,2.173649,430903.623,4581339.918,18/01/2024,,OCI
8910,34308,C,Rambla,11,01,el Raval,01,Ciutat Vella,41.377627,2.175790,431079.542,4581006.346,18/01/2024,,OCI
8911,122904,C,Ferran,7,02,el Barri Gòtic,01,Ciutat Vella,41.380663,2.174526,430976.985,4581344.364,18/01/2024,,OCI
8926,231207,C,Nou de Sant Francesc,5,02,el Barri Gòtic,01,Ciutat Vella,41.379354,2.176872,431171.819,4581197.190,18/01/2024,,OCI
8927,360200,C,Vidre,3,02,el Barri Gòtic,01,Ciutat Vella,41.379894,2.176012,431100.425,4581257.883,18/01/2024,,OCI
8928,2902,C,Aglà,3,02,el Barri Gòtic,01,Ciutat Vella,41.380176,2.176381,431131.587,4581288.859,18/01/2024,,OCI
8946,191204,C,Mallorca,106,09,la Nova Esquerra de l'Eixample,02,L'Eixample,41.385614,2.152253,429120.000,4581912.000,19/01/2024,11/04/2024,PATIS D'ESCOLA
8986,46409,Pg,Born,25,04,"Sant Pere, Santa Caterina i la Ribera",01,Ciutat Vella,41.385209,2.182998,431690.171,4581842.346,21/02/2024,,OCI
8987,46409,Pg,Born,19,04,"Sant Pere, Santa Caterina i la Ribera",01,Ciutat Vella,41.384923,2.182773,431671.050,4581810.780,21/02/2024,04/06/2024,OCI
8988,217603,Plta,Montcada,6,04,"Sant Pere, Santa Caterina i la Ribera",01,Ciutat Vella,41.384407,2.181970,431603.366,4581754.130,21/02/2024,,OCI
8989,276908,C,Rec,44,04,"Sant Pere, Santa Caterina i la Ribera",01,Ciutat Vella,41.384688,2.183244,431710.226,4581784.370,21/02/2024,,OCI
8990,276908,C,Rec,44,04,"Sant Pere, Santa Caterina i la Ribera",01,Ciutat Vella,41.384688,2.183244,431710.226,4581784.370,21/02/2024,04/06/2024,OCI
9006,243206,C,Pamplona,125,66,el Parc i la Llacuna del Poblenou,10,Sant Martí,41.398789,2.188428,432158.307,4583345.756,05/03/2024,,OCI
9007,285807,C,Rocafort,47,10,Sant Antoni,02,L'Eixample,41.377418,2.155691,429398.561,4580999.344,05/03/2024,,TRÀNSIT
9026,187207,Av,Madrid,182,18,Sants,03,Sants-Montjuïc,41.380629,2.132135,427432.406,4581375.233,07/03/2024,31/05/2024,TRÀNSIT
9028,82107,C,Còdols,11,02,el Barri Gòtic,01,Ciutat Vella,41.379860,2.177841,431253.349,4581252.635,07/03/2024,,OCI
9046,348408,C,Tuset,30,26,Galvany,05,Sarrià-Sant Gervasi,41.396326,2.151525,429070.751,4583101.874,07/03/2024,19/04/2024,OCI
9066,23403,C,Aribau,187,26,Galvany,05,Sarrià-Sant Gervasi,41.395072,2.150350,428971.195,4582963.618,07/03/2024,,OCI
9086,158901,Pl,Osca,10,18,Sants,03,Sants-Montjuïc,41.376153,2.138468,427957.000,4580873.000,14/03/2024,,OCI
9106,243206,C,Pamplona,84,66,el Parc i la Llacuna del Poblenou,10,Sant Martí,41.396549,2.191779,432436.075,4583094.469,19/03/2024,,OCI
9146,87009,C,Comte Borrell,313,08,l'Antiga Esquerra de l'Eixample,02,L'Eixample,41.390992,2.144444,428472.945,4582515.504,18/04/2024,31/05/2024,XARXA DE TRANSPORT PÚBLIC
9166,348408,C,Tuset,30,26,Galvany,05,Sarrià-Sant Gervasi,41.396326,2.151525,429070.751,4583101.874,19/04/2024,,OCI
9167,348408,C,Tuset,30,26,Galvany,05,Sarrià-Sant Gervasi,41.396326,2.151525,429070.751,4583101.874,19/04/2024,,OCI
9186,326303,C,Sitges,5,01,el Raval,01,Ciutat Vella,41.384378,2.169670,430574.900,4581760.703,19/04/2024,,OCI
9206,204204,C,Mata,8,11,el Poble Sec,03,Sants-Montjuïc,41.373264,2.170733,430652.000,4580526.000,29/04/2024,,PATIS D'ESCOLA
9226,311703,C,Sancho de Ávila,19,66,el Parc i la Llacuna del Poblenou,10,Sant Martí,41.397502,2.188283,432144.848,4583202.939,09/05/2024,,OCI
9246,290206,Pl,Rovira i Trias,9,31,la Vila de Gràcia,06,Gràcia,41.407725,2.158256,429645.760,4584361.861,15/05/2024,,OCI
9266,275803,C,Rauric,23,02,el Barri Gòtic,01,Ciutat Vella,41.380741,2.175683,431073.855,4581352.091,16/05/2024,19/06/2024,OCI
9286,266405,Rbla,Prim,19,70,el Besòs i el Maresme,10,Sant Martí,41.411656,2.218416,434678.029,4584751.178,31/05/2024,,OCI
9306,217603,Plta,Montcada,6,04,"Sant Pere, Santa Caterina i la Ribera",01,Ciutat Vella,41.384407,2.181970,431603.366,4581754.130,04/06/2024,,OCI
9326,112208,C,Escudellers,12,02,el Barri Gòtic,01,Ciutat Vella,41.379567,2.176338,431127.379,4581221.299,05/06/2024,,OCI
9327,112208,C,Escudellers,34,02,el Barri Gòtic,01,Ciutat Vella,41.380128,2.176933,431177.722,4581283.046,05/06/2024,,OCI
9328,112208,C,Escudellers,48,02,el Barri Gòtic,01,Ciutat Vella,41.380390,2.177537,431228.473,4581311.696,05/06/2024,,OCI
9346,275803,C,Rauric,23,02,el Barri Gòtic,01,Ciutat Vella,41.380741,2.175683,431073.855,4581352.091,19/06/2024,,OCI
9366,276001,Pl,Reial,10,02,el Barri Gòtic,01,Ciutat Vella,41.380222,2.175600,431066.353,4581294.576,19/06/2024,,OCI
9386,122904,C,Ferran,7,02,el Barri Gòtic,01,Ciutat Vella,41.380663,2.174526,430976.985,4581344.364,21/06/2024,,OCI
9426,167505,Pl,Joanic,7,31,la Vila de Gràcia,06,Gràcia,41.405521,2.162211,429973.940,4584113.950,02/07/2024,,OCI
9427,167505,Pl,Joanic,4,31,la Vila de Gràcia,06,Gràcia,41.405302,2.162306,429981.651,4584089.597,02/07/2024,,OCI
9428,245201,C,Pardo,11,62,el Congrés i els Indians,09,Sant Andreu,41.427095,2.182553,431696.820,4586492.912,02/07/2024,,TRÀNSIT
9429,50009,C,Bruniquer,45,31,la Vila de Gràcia,06,Gràcia,41.405337,2.161688,429930.018,4584093.934,03/07/2024,,OCI
9446,156509,C,Hondures,23,61,la Sagrera,09,Sant Andreu,41.419327,2.190483,432351.400,4585624.200,10/07/2024,,ACTIVITATS / INFRASTRUCTURES ESPORTIVES
9447,236506,C,Oristà,39,56,Vallbona,08,Nou Barris,41.464863,2.185729,432001.682,4590683.309,10/07/2024,,NETEJA
9466,276001,Pl,Reial,1,02,el Barri Gòtic,01,Ciutat Vella,41.380031,2.174893,431007.000,4581274.000,12/07/2024,,OCI
9486,110304,C,Enric Granados,30,08,l'Antiga Esquerra de l'Eixample,02,L'Eixample,41.390262,2.159182,429704.312,4582422.348,12/07/2024,,OCI
